group_type,group_key,group_name,kanji_list,kanji_count
radical,7,二 (に),"亜,井,云,五,互,些,二,亙,亘,于,亞,亟,亍,亖,亗,亝",16
radical,30,口 (くち),"唖,哀,咽,員,吋,右,嘘,唄,噂,営,可,嘉,嘩,咳,嚇,各,喝,叶,噛,喚,含,喜,器,吉,吃,喫,吸,叫,喬,吟,句,喰,君,啓,喧,古,呼,呉,吾,口,向,后,喉,号,合,告,唆,哉,咲,咋,司,史,嗣,叱,呪,周,召,哨,商,唱,嘗,嘱,唇,吹,善,噌,喪,唾,台,啄,只,叩,嘆,喋,吊,呈,哲,吐,唐,同,噸,呑,嚢,噺,否,品,吻,噴,呆,吠,哩,味,名,命,問,唯,吏,呂,和,叮,叨,叭,叺,吁,吽,呀,听,吭,吼,吮,吶,吩,吝,呎,咏,呵,咎,呟,呱,呷,呰,咒,呻,咀,呶,咄,咐,咆,哇,咢,咸,咥,咬,哄,哈,咨,咫,哂,咤,咾,咼,哘,哥,哦,唏,唔,哽,哮,哭,哺,哢,唹,啀,啣,啌,售,啜,啅,啖,啗,唸,唳,啝,喙,喀,咯,喊,喟,啻,啾,喘,喞,單,啼,喃,喩,喇,喨,嗚,嗅,嗟,嗄,嗜,嗤,嗔,嘔,嗷,嘖,嗾,嗽,嘛,嗹,噎,噐,嘴,嘶,嘲,嘸,噫,噤,嘯,噬,噪,嚆,嚀,嚊,嚠,嚔,嚏,嚥,嚮,嚶,嚴,囂,嚼,囁,囃,囀,囈,囎,囑,囓,嗇,另,叧,叵,吂,吓,吚,吡,吧,吨,吪,启,吱,吴,吵,呃,呄,呇,呍,呏,呞,呢,呤,呦,呧,呩,呫,呭,呮,呴,呿,咁,咃,咅,咈,咉,咍,咑,咕,咖,咜,咟,咡,咦,咧,咩,咪,咭,咮,咱,咷,咹,咺,咻,咿,哆,哊,响,哎,哠,哪,哬,哯,哶,哼,哾,哿,唀,唁,唅,唈,唉,唌,唍,唎,唕,唪,唫,唲,唵,唶,唻,唼,唽,啁,啇,啉,啊,啍,啐,啑,啘,啚,啛,啞,啠,啡,啤,啦,啿,喁,喂,喆,喈,喎,喏,喑,喒,喓,喔,喗,喣,喤,喭,喲,喿,嗁,嗃,嗆,嗉,嗋,嗌,嗎,嗑,嗒,嗓,嗗,嗘,嗛,嗞,嗢,嗩,嗶,嗿,嘅,嘈,嘊,嘍,嘎,嘏,嘐,嘑,嘒,嘙,嘬,嘰,嘳,嘵,嘷,嘹,嘻,嘼,嘽,嘿,噀,噁,噃,噄,噆,噉,噋,噍,噏,噔,噞,噠,噡,噢,噣,噦,噩,噭,噯,噱,噲,噵,嚄,嚅,嚈,嚋,嚌,嚕,嚙,嚚,嚝,嚞,嚟,嚦,嚧,嚨,嚩,嚫,嚬,嚭,嚱,嚳,嚷,嚾,囅,囉,囊,囋,囏,囐,囌,囍,𠮟,𠵅,𠷡,𠹤,𠹭,𠺕,𠽟,㕣,㕮,㖦,㖨,㗅,㗚,㗴,㘅,叴,吒,吞,吤,呕,呬,咊,咠,哃,哱,哳,啽,嗝,嘇,嘨,噇,噓,噶,嚲,喝,嘆,器",465
radical,38,女 (おんな),"娃,姶,姐,委,威,姻,姥,嬰,嫁,姦,嬉,妓,嫌,姑,娯,好,婚,妻,始,姉,姿,嫉,女,妾,娼,嬢,娠,姓,妥,嫡,嬬,妬,奴,如,妊,婆,媒,妃,姫,媛,婦,娩,妨,妹,妙,婿,娘,姪,妄,妖,婁,奸,妁,妝,侫,妣,妲,姆,姨,姜,妍,姙,姚,娥,娟,娑,娜,娉,娚,婀,婬,婉,娵,娶,婢,婪,媚,媼,媾,嫋,嫂,媽,嫣,嫗,嫦,嫩,嫖,嫺,嫻,嬌,嬋,嬖,嬲,嫐,嬪,嬶,嬾,孃,孅,孀,妛,奵,奶,她,奻,奼,妋,妌,妎,妒,妕,妗,妟,妤,妧,妭,妮,妯,妰,妳,妷,妺,妼,姁,姃,姄,姈,姊,姍,姒,姝,姞,姟,姣,姤,姧,姮,姯,姱,姲,姴,姷,娀,娄,娌,娍,娎,娒,娓,娞,娣,娤,娧,娨,娪,娭,娰,婄,婅,婇,婈,婌,婐,婕,婞,婣,婥,婧,婭,婷,婺,婻,婾,媋,媐,媓,媖,媙,媜,媞,媟,媠,媢,媧,媬,媱,媲,媳,媵,媸,媺,媻,媿,嫄,嫆,嫈,嫏,嫚,嫜,嫠,嫥,嫪,嫮,嫵,嫶,嫽,嬀,嬁,嬈,嬗,嬴,嬙,嬛,嬝,嬡,嬥,嬭,嬸,孁,孋,孌,𡚴,𡜆,𡝂,𡢽,㛏,姸,娗,媄,嫰",230
radical,170,阝左 (こざと),"阿,院,陰,隠,階,隔,陥,隅,隈,隙,険,限,降,際,阪,除,障,陣,随,阻,陀,隊,陳,陶,陪,阜,附,陛,防,陽,陸,隆,陵,隣,隋,隨,阡,阨,阮,阯,陂,陌,陏,陋,陷,陜,陞,陝,陟,陦,陲,陬,隍,隘,隕,隗,險,隧,隱,隲,隰,隴,阝,阞,阢,阤,阥,阦,阬,阱,阳,阷,阸,阹,阺,阼,阽,陁,陒,陔,陖,陗,陘,陡,陮,陴,陻,陼,陾,陿,隁,隂,隃,隄,隉,隑,隖,隚,隝,隟,隤,隥,隦,隩,隮,隯,隳,𨸟,𨸶,𨺉,𨻫,𨼲,䧧,阴,隆",115
radical,61,心/忄 (こころ),"愛,悪,惟,意,慰,悦,怨,応,憶,恩,快,怪,悔,恢,懐,慨,恰,患,感,慣,憾,忌,急,怯,恐,恭,愚,恵,慶,慧,憩,憲,懸,悟,恒,慌,忽,惚,恨,懇,惨,志,思,慈,悉,惹,愁,恕,情,心,慎,性,惜,惣,想,憎,息,惰,怠,態,恥,忠,懲,悌,怒,悼,憧,惇,忍,念,悩,悲,必,怖,憤,慕,忘,忙,慢,悶,愉,愈,悠,憂,慾,慮,怜,恋,憐,惑,忖,忻,忤,忸,忱,忝,悳,忿,怡,恠,怙,怐,怩,怎,怱,怛,怕,怫,怦,怏,怺,恚,恁,恪,恷,恟,恊,恆,恍,恣,恃,恤,恂,恬,恫,恙,悁,悍,惧,悃,悚,悄,悛,悖,悗,悒,悧,悋,惡,悸,惠,惓,悴,忰,悽,惆,悵,惘,慍,愕,愆,惶,惷,愀,惴,惺,愃,愡,惻,惱,愍,愎,慇,愾,愨,愧,慊,愿,愼,愬,愴,愽,慂,慄,慳,慷,慘,慙,慚,慫,慴,慯,慥,慱,慟,慝,慓,慵,憙,憖,憇,憬,憔,憚,憊,憑,憫,憮,懌,懊,應,懷,懈,懃,懆,憺,懋,懍,懦,懣,懶,懺,懴,懿,懽,懼,懾,戀,忄,忇,忈,忉,忋,忐,忑,忒,忓,忔,忞,忡,忢,忨,忩,忪,忬,忭,忮,忯,忲,忳,忶,忺,忼,怇,怊,怍,怓,怔,怗,怘,怚,怟,怤,怭,怳,怵,恀,恇,恈,恉,恌,恑,恔,恖,恗,恝,恡,恧,恱,恾,恿,悂,悆,悈,悊,悎,悑,悓,悕,悘,悝,悞,悢,悤,悥,您,悰,悱,悷,悻,悾,惂,惄,惈,惉,惊,惋,惎,惏,惔,惕,惙,惛,惝,惞,惢,惥,惲,惵,惸,惼,惽,愂,愇,愊,愌,愐,愑,愒,愓,愔,愖,愗,愙,愜,愞,愢,愪,愫,愰,愱,愵,愶,愷,愹,慁,慅,慆,慉,慞,慠,慬,慲,慸,慻,慼,慿,憀,憁,憃,憄,憋,憍,憒,憓,憗,憘,憜,憝,憟,憠,憥,憨,憪,憭,憸,憹,憼,懀,懁,懂,懎,懏,懕,懜,懝,懞,懟,懡,懢,懧,懩,懥,懬,懭,懯,戁,戃,戄,戇,𢛳,𢡛,𢢫,㣺,㤗,㤚,㥯,怢,惮,愺,懵,悔,慨,憎,懲",405
radical,64,手/扌 (て),"挨,握,扱,按,掩,援,押,拐,拡,撹,掛,括,換,揮,技,擬,掬,拒,拠,挙,挟,掘,掲,携,撃,拳,捲,抗,拘,控,拷,挫,才,採,搾,拶,撮,擦,捌,撒,指,持,捨,手,授,拾,承,抄,招,掌,捷,擾,拭,振,推,据,摺,拙,接,摂,折,撰,措,捜,掃,挿,掻,操,捉,揃,損,打,托,択,拓,担,探,抽,挑,捗,掴,抵,挺,提,摘,擢,撤,投,搭,撞,捺,捻,撚,把,播,拝,排,拍,抜,搬,挽,批,披,描,扶,撫,払,扮,捕,抱,捧,撲,摩,抹,摸,揖,揚,揺,擁,抑,掠,扎,扞,扣,扛,扠,扨,扼,抂,抉,找,抒,抓,抖,拔,抃,抔,拗,拑,抻,拏,拿,拆,擔,拈,拜,拌,拊,拂,拇,抛,拉,挌,拮,拱,挧,挂,挈,拯,拵,捐,挾,捍,搜,捏,掖,掎,掀,掫,捶,掣,掏,掉,掟,掵,捫,捩,掾,揩,揀,揆,揣,揉,插,揶,揄,搖,搴,搆,搓,搦,搶,攝,搗,搨,搏,摧,摯,摶,摎,攪,撕,撓,撥,撩,撈,撼,據,擒,擅,擇,撻,擘,擂,擱,擧,擠,擡,抬,擣,擯,攬,擶,擴,擲,擺,攀,擽,攘,攜,攅,攤,攣,攫,扌,扐,扑,扒,扔,扖,扚,扜,扤,扭,扯,扳,扺,扽,抍,抎,抏,抐,抦,抨,抳,抶,抷,抺,抾,抿,拄,拎,拕,拖,拚,拪,拲,拴,拼,拽,挃,挄,挊,挋,挍,挐,挓,挖,挘,挩,挪,挭,挵,挶,挹,挼,捁,捂,捃,捄,捆,捊,捋,捎,捒,捓,捔,捘,捛,捥,捦,捬,捭,捱,捴,捵,捸,捼,捽,捿,掂,掄,掇,掊,掐,掔,掕,掙,掚,掞,掤,掦,掭,掮,掯,掽,揁,揅,揈,揎,揑,揓,揔,揕,揜,揠,揥,揪,揬,揲,揳,揵,揸,揹,搉,搊,搐,搒,搔,搘,搞,搠,搢,搤,搥,搩,搪,搯,搰,搵,搽,搿,摋,摏,摑,摒,摓,摔,摚,摛,摜,摝,摟,摠,摡,摣,摭,摳,摴,摻,摽,撅,撇,撏,撐,撑,撘,撙,撛,撝,撟,撡,撣,撦,撨,撬,撳,撽,撾,撿,擄,擉,擊,擋,擌,擎,擐,擑,擕,擗,擤,擥,擩,擪,擭,擰,擵,擷,擻,擿,攁,攄,攈,攉,攊,攏,攓,攔,攖,攙,攛,攞,攟,攢,攦,攩,攮,𢪸,𢭆,𢭏,𢭐,𢮦,𢰝,𢰤,𢷡,㩮,㩳,扡,扻,抅,抙,挲,挻,捙,揫,揭,揷,摹",458
radical,162,辵/辶 (しんにょう),"逢,違,遺,逸,迂,運,遠,迦,過,還,逆,近,遇,迎,遣,込,遮,週,述,遵,進,迅,逗,遂,逝,選,遷,遡,送,遭,造,速,遜,退,逮,達,辿,遅,逐,追,通,辻,逓,適,迭,途,逃,透,道,遁,迩,這,迫,避,逼,辺,返,遍,迄,迷,遊,遥,遼,連,邃,辷,迚,迥,迢,迪,迯,邇,迴,逅,迹,迺,逑,逕,逡,逍,逞,逖,逋,逧,逶,逵,逹,迸,遏,遐,遑,遒,逎,遉,逾,遖,遘,遞,遨,遯,遶,遲,邂,遽,邁,邀,邊,邉,邏,遙,辵,辶,辸,达,迀,迁,迆,迊,迋,迍,运,迒,迓,迕,迠,迣,迤,迨,迮,迱,迵,迶,迻,迾,适,逄,逈,逌,逘,逛,逨,逩,逯,逪,逬,逭,逳,逴,逷,逿,遃,遄,遌,遛,遝,遢,遦,遧,遬,遰,遴,遹,邅,邈,邋,邌,邎,邐,𨑕,𨕫,𨗈,𨗉,﨤,辶,逸",175
radical,140,艸/艹 (くさ),"葵,茜,葦,芦,萎,茨,芋,蔭,蔚,荏,英,苑,薗,荻,花,苛,茄,荷,華,菓,芽,芥,蓋,葛,蒲,茅,萱,苅,莞,菊,蕎,芹,菌,苦,薫,茎,荊,芸,菰,荒,菜,薩,蒔,蔀,芝,蕊,若,蒐,薯,藷,菖,蒋,蕉,蒸,芯,薪,菅,薦,蘇,草,荘,葬,蒼,藻,蔵,苔,茸,蓄,茶,苧,著,蔦,菟,董,蕩,藤,萄,苫,薙,葱,芭,萩,薄,莫,藩,蕃,菱,苗,蒜,芙,葡,蕪,葺,蕗,蔽,蔑,菩,芳,萌,蓬,蔓,蓑,茂,蒙,薬,薮,葉,蓉,莱,落,藍,蘭,葎,苓,蓮,藁,蕨,蘗,蘖,蘯,艸,艾,芍,芒,芫,芟,芻,芬,苡,苣,苟,苒,苴,苳,苺,莓,范,苻,苹,苞,茆,苜,茉,苙,茵,茴,茖,茲,茱,荀,茹,荐,荅,茯,茫,茗,茘,莅,莚,莪,莟,莢,莖,茣,莎,莇,莊,荼,莵,荳,荵,莠,莉,莨,菴,萓,菫,菎,菽,萃,菘,萋,菁,菷,萇,菠,菲,萍,萢,萠,莽,萸,蔆,菻,葭,萪,萼,蕚,蒄,葷,葫,蒭,葮,蒂,葩,葆,萬,葯,葹,萵,蓊,葢,蒹,蒿,蒟,蓙,蓍,蒻,蓚,蓐,蓁,蓆,蓖,蒡,蔡,蓿,蓴,蔗,蔘,蔬,蔟,蔕,蔔,蓼,蕀,蕣,蕘,蕈,蕁,蘂,蕋,蕕,薀,薤,薈,薑,薊,薨,蕭,薔,薛,藪,薇,薜,蕷,蕾,薐,藉,薺,藏,薹,藐,藕,藝,藥,藜,藹,蘊,蘓,蘋,藾,藺,蘆,蘢,蘚,蘰,蘿,虁,艻,艽,艿,芀,芁,芃,芄,芇,芉,芊,芎,芑,芔,芖,芘,芚,芛,芠,芡,芣,芤,芧,芨,芩,芪,芮,芰,芲,芴,芷,芺,芼,芾,芿,苆,苐,苕,苚,苠,苢,苤,苨,苪,苭,苯,苶,苷,苽,苾,茀,茁,茇,茈,茊,茋,荔,茛,茝,茞,茟,茡,茢,茬,茭,茮,茰,茳,茷,茺,茼,茽,荂,荃,荄,荇,荍,荎,荑,荕,荖,荗,荰,荸,荽,荿,莀,莂,莄,莆,莍,莒,莔,莕,莘,莙,莛,莜,莝,莦,莧,莩,莬,莾,莿,菀,菇,菉,菏,菐,菑,菔,菝,荓,菨,菪,菶,菸,菹,菼,萁,萆,萊,萏,萑,萕,萙,莭,萯,萹,葅,葇,葈,葊,葍,葏,葑,葒,葖,葘,葙,葚,葜,葠,葤,葥,葧,葪,葰,葳,葴,葶,葸,葼,葽,蒁,蒅,蒒,蒓,蒕,蒞,蒦,蒨,蒩,蒪,蒯,蒱,蒴,蒺,蒽,蒾,蓀,蓂,蓇,蓈,蓌,蓏,蓓,蓜,蓧,蓪,蓯,蓰,蓱,蓲,蓷,蔲,蓺,蓻,蓽,蔂,蔃,蔇,蔌,蔎,蔐,蔜,蔞,蔢,蔣,蔤,蔥,蔧,蔪,蔫,蔯,蔳,蔴,蔶,蔿,蕆,蕏,蕐,蕑,蕒,蕓,蕖,蕙,蕜,蕝,蕞,蕟,蕠,蕡,蕢,蕤,蕫,蕯,蕹,蕺,蕻,蕽,蕿,薁,薅,薆,薉,薋,薌,薏,薓,薘,薝,薟,薠,薢,薥,薧,薴,薶,薷,薸,薼,薽,薾,薿,藂,藇,藊,藋,藎,薭,藘,藚,藟,藠,藦,藨,藭,藳,藶,藼,藿,蘀,蘄,蘅,蘍,蘎,蘐,蘑,蘒,蘘,蘙,蘛,蘞,蘡,蘧,蘩,蘶,蘸,蘺,蘼,蘽,虀,虂,虆,𦫿,𦰩,𦱳,𦳝,𦹀,𦹥,𦾔,𦿶,𦿷,𦿸,𧃴,𧄍,𧄹,䒑,䒳,䒾,䓔,䔈,䔍,䔥,䕃,艹,芓,茌,荢,荣,菡,菥,萗,葟,蒗,蓎,蔛,蔾,薰,藙,藡,蘤,蘹,﨟,蘒,艹,艹,著",617
radical,115,禾 (のぎ),"穐,移,稲,穎,穏,科,禾,稼,穫,稀,稽,稿,穀,私,種,秀,秋,称,穣,秦,税,積,租,稚,秩,程,禿,秤,秘,稗,秒,穂,穆,稔,稜,秉,秕,秧,秬,秡,秣,稈,稍,稘,稙,稠,稟,稱,稻,稾,稷,穃,穗,穉,穡,穢,穩,龝,穰,秂,秄,秇,秈,秊,秏,秔,秖,秚,秝,秞,秠,秢,秥,秪,秫,秭,秱,秸,秼,稂,稃,稇,稉,稊,稌,稑,稕,稛,稞,稡,稧,稫,稭,稯,稰,稴,稵,稸,稹,稺,穄,穅,穇,穈,穌,穕,穖,穙,穜,穝,穟,穠,穥,穧,穪,穭,𥝱,𥞩,𥞴,䅈,䅏,䅣,秌,种,穀",125
radical,85,水/氵 (みず),"渥,溢,淫,渦,浦,永,泳,洩,液,沿,演,汚,沖,温,河,海,涯,浬,潟,活,渇,滑,汗,漢,澗,潅,汽,求,汲,泣,渠,漁,況,沓,渓,激,決,潔,減,源,湖,江,洪,浩,港,溝,濠,漉,混,沙,済,滋,治,汐,湿,漆,洲,汁,渋,淑,淳,準,潤,渚,沼,消,渉,湘,浄,浸,深,水,澄,瀬,清,泉,浅,洗,潜,漸,漕,測,汰,泰,滞,滝,瀧,沢,濯,濁,淡,湛,池,注,瀦,潮,沈,津,漬,潰,汀,泥,滴,溺,添,澱,渡,淘,湯,涛,洞,涜,瀞,沌,灘,汝,濡,濃,波,派,泊,漠,溌,氾,汎,泌,氷,漂,浜,瀕,浮,淵,沸,法,泡,没,沫,満,漫,湊,滅,油,湧,涌,洋,溶,沃,浴,淀,洛,濫,流,溜,涼,淋,涙,漣,浪,漏,湾,汞,汕,汢,汪,沂,沍,沚,沁,沛,汾,汨,汳,沒,沐,泄,泱,泓,沽,泗,泅,泝,沮,沱,沾,沺,泛,泯,泙,泪,洟,洶,洫,洽,洸,洙,洵,洳,洒,洌,浣,涓,浤,浚,浹,浙,涎,涕,濤,涅,淹,渕,渊,涵,淇,淦,涸,淆,淬,淞,淌,淨,淒,淅,淺,淙,淤,淕,淪,淮,渭,湮,渮,渙,湲,湟,渾,渣,湫,渫,湶,湍,渟,湃,渺,湎,渤,滿,渝,游,溂,溪,溘,滉,溷,滓,溽,溯,滄,溲,滔,滕,溏,溥,滂,溟,潁,漑,灌,滬,滸,滾,漿,滲,漱,滯,漲,滌,漾,漓,滷,澆,潺,潸,澁,澀,潯,潛,濳,潭,澂,潼,潘,澎,澑,濂,潦,澳,澣,澡,澤,澹,濆,澪,濟,濕,濬,濔,濘,濱,濮,濛,瀉,瀋,濺,瀑,瀁,瀏,濾,瀛,瀚,潴,瀝,瀘,瀟,瀰,瀾,瀲,灑,灣,濶,氵,氶,氺,氻,氿,汊,汋,汍,汏,汒,汔,汙,汛,汜,汫,汭,汯,汴,汶,汸,汹,汻,沅,沆,沇,沉,沔,沕,沗,沘,沜,沟,沰,沲,沴,泂,泆,泍,泏,泐,泑,泒,泔,泖,泚,泜,泠,泧,泩,泫,泬,泮,泲,泴,洄,洇,洊,洎,洏,洑,洓,洚,洦,洧,洨,汧,洮,洯,洱,洹,洼,洿,浗,浞,浟,浡,浥,浧,浯,浰,浼,涂,涇,涑,涒,涔,涖,涗,涘,涪,涬,涴,涷,涹,涽,涿,淄,淈,淊,淎,淏,淖,淛,淝,淟,淠,淢,淥,淩,淯,淰,淴,淶,淼,渀,渄,渞,渢,渧,渲,渶,渹,渻,渼,湄,湅,湈,湉,湋,湏,湑,湒,湓,湔,湗,湜,湝,湞,湢,湣,湨,湳,湻,湽,溍,溓,溙,溠,溧,溭,溮,溱,溳,溻,溿,滀,滁,滃,滇,滈,滊,滍,滎,滏,滫,滭,滮,滹,滻,滽,漄,漈,漊,漌,漍,漖,漘,漚,漛,漦,漩,漪,漯,漰,漳,漶,漻,漼,漭,潏,潑,潒,潓,潗,潙,潚,潝,潞,潡,潢,潨,潬,潽,潾,澃,澇,澈,澋,澌,澍,澐,澒,澓,澔,澖,澚,澟,澠,澥,澦,澧,澨,澮,澯,澰,澵,澶,澼,濅,濇,濈,濊,濚,濞,濨,濩,濰,濵,濹,濼,濽,瀀,瀅,瀆,瀇,瀍,瀗,瀠,瀣,瀯,瀴,瀷,瀹,瀼,灃,灄,灈,灉,灊,灋,灔,灕,灝,灞,灎,灤,灥,𣱿,𣳾,𣴀,𣴎,𣵀,𣷓,𣷹,𣷺,𣽾,𤂖,𤄃,㳃,㳒,㴑,㴞,㵤,㶚,沄,沪,沭,泭,泻,洀,洤,洴,浘,浛,浠,涀,涁,涉,涊,涍,涫,涮,淂,淐,淚,渗,渴,湌,溫,溴,滙,漐,漥,漵,潠,澘,澾,濉,瀊,瀨,瀺,灇,灩,海,渚,漢",656
radical,72,日 (ひ),"旭,暗,易,映,旺,暇,晦,旧,暁,景,昂,晃,昏,昆,昨,晒,暫,旨,時,春,旬,暑,曙,昇,昌,昭,晶,晋,是,星,晴,昔,早,旦,暖,智,昼,暢,曇,日,曝,晩,普,暮,暴,昧,明,曜,暦,旱,昊,昃,旻,昵,昶,昴,昜,晏,晄,晉,晁,晞,晝,晤,晧,晨,晟,晢,晰,暃,暈,暎,暉,暄,暘,暝,曁,暹,曉,暾,暼,曄,暸,曖,曚,曠,昿,曦,曩,旰,旲,旴,旵,旹,旾,旿,昀,昄,昈,昉,昍,昑,昒,昕,昖,昝,昞,昡,昢,昣,昤,昦,昩,昪,昫,昬,昮,昰,昱,昳,昹,昷,晀,晅,晆,晊,晌,晑,晎,晗,晘,晙,晛,晜,晠,晡,曻,晪,晫,晬,晾,晳,晵,晿,晷,晸,晹,晻,暀,晼,暋,暌,暍,暐,暒,暙,暚,暛,暜,暟,暠,暤,暭,暱,暲,暵,暻,暿,曀,曂,曃,曈,曌,曎,曏,曔,曛,曟,曨,曫,曬,曮,𣆶,𣇃,𣇄,𣇵,㫖,㫗,㫪,㬎,㬚,㬜,㬢,旼,昺,晈,晚,晣,晥,晭,曆,暑",202
radical,195,魚 (うお),"鯵,鮎,鰯,鰻,鰍,鰹,魚,鯨,鯉,鮭,鯖,鮫,鮮,鯛,鱈,鰭,鮒,鮪,鱒,鱗,魯,鰐,魴,鮓,鮃,鮑,鮖,鮗,鮟,鮠,鮨,鮴,鯀,鯊,鮹,鯆,鯏,鯑,鯒,鯣,鯢,鯤,鯔,鯡,鰺,鯲,鯱,鯰,鰕,鰔,鰉,鰓,鰌,鰆,鰈,鰒,鰊,鰄,鰮,鰛,鰥,鰤,鰡,鰰,鱇,鰲,鱆,鰾,鱚,鱠,鱧,鱶,鱸,魛,魞,魡,魣,魥,魦,魨,魪,魫,魬,魭,魮,魳,魵,魷,魸,魹,魿,鮀,鮄,鮅,鮆,鮇,鮉,鮊,鮋,鮍,鮏,鮐,鮔,鮚,鮝,鮞,鮦,鮧,鮩,鮬,鮰,鮱,鮲,鮷,鮸,鮻,鮼,鮾,鮿,鯁,鯇,鯈,鯎,鯐,鯗,鯘,鯝,鯟,鯥,鯧,鯪,鯫,鯯,鯳,鯷,鯸,鯹,鯺,鯽,鯿,鰀,鰂,鰋,鰏,鰑,鰖,鰘,鰙,鰚,鰜,鰞,鰢,鰣,鰦,鰧,鰨,鰩,鰪,鰱,鰵,鰶,鰷,鰽,鱁,鱃,鱄,鱅,鱉,鱊,鱎,鱏,鱐,鱓,鱔,鱖,鱘,鱛,鱝,鱞,鱟,鱣,鱩,鱪,鱜,鱫,鱨,鱮,鱰,鱲,鱵,鱷,鱻,𩷛,𩸕,𩸽,𩹉,𩺊,𩻄,𩻛,𩻩,魲,魶,鯮,鰝,鱥,鱭,鱺",207
radical,75,木 (き),"梓,案,杏,椅,欝,栄,榎,横,桶,果,架,械,概,柿,格,核,楽,樫,橿,梶,椛,樺,株,栢,柑,桓,棺,机,棋,棄,機,桔,橘,杵,朽,橋,業,極,桐,櫛,栗,桑,桂,桁,検,権,枯,梧,檎,杭,校,梗,構,根,梱,査,栽,材,榊,柵,桜,札,桟,枝,柴,杓,朱,樹,柔,楯,松,梢,樟,樵,条,杖,植,森,榛,枢,杉,椙,棲,栖,析,栓,栴,染,楚,槍,槽,束,村,柁,楕,棚,樽,檀,柱,樗,椎,槌,栂,槻,柘,椿,梯,杜,東,桃,梼,棟,栃,橡,椴,楢,楠,杷,杯,梅,楳,柏,櫨,板,樋,枇,柊,桧,標,楓,柄,某,棒,朴,本,枚,槙,枕,柾,桝,末,未,椋,棉,模,木,杢,柳,柚,楊,様,来,欄,李,梨,梁,林,櫓,楼,榔,枠,椀,梦,杲,杳,朮,朿,朶,杁,朸,朷,杆,杞,杠,杙,杣,杤,枉,杰,枩,杼,杪,枌,枋,枦,枡,枅,枷,柯,枴,柬,枳,柩,枸,柤,柞,柝,柢,柮,枹,柎,柆,柧,檜,栞,框,栩,桀,桍,栲,桎,梳,栫,桙,档,桷,桿,梟,梏,梭,梔,條,梛,梃,檮,梹,桴,梵,梠,梺,椏,梍,桾,椁,棊,椈,棘,椢,椦,棡,椌,棍,棔,棧,棕,椶,椒,椄,棗,棣,椥,棹,棠,棯,椨,椪,椚,椣,椡,棆,楹,楷,楜,楸,楫,楔,楾,楮,椹,楴,椽,楙,椰,楡,楞,楝,榁,楪,榲,榮,槐,榿,槁,槓,榾,槎,槊,槝,榻,槃,榧,樮,榑,榠,榜,榕,榴,槞,槨,樂,樛,槿,權,槹,槲,槧,樅,榱,樞,槭,樔,槫,樊,樒,櫁,樣,樓,橄,樌,橲,樶,橸,橇,橢,橙,橦,橈,樸,樢,檐,檍,檠,檄,檢,檣,檗,檻,櫃,櫂,檸,檳,檬,櫞,櫑,櫟,檪,櫚,櫪,櫻,欅,櫺,欒,欖,欟,槇,朳,朾,杅,杇,杈,杌,杔,杕,杝,杦,杬,杮,杴,杶,杻,极,构,枎,枏,枑,枓,枖,枘,枙,枛,枰,枱,枲,枵,枻,枼,枽,柹,柀,柂,柃,柅,柈,柉,柒,柗,柙,柜,柡,柦,柰,柲,柶,柷,桒,栔,栙,栝,栟,栨,栧,栬,栭,栯,栰,栱,栳,栻,栿,桄,桅,桊,桌,桕,桗,桘,桛,桫,桮,桯,桰,桱,桲,桵,桹,桺,桻,桼,梂,梄,梆,梈,梖,梘,梚,梜,梡,梣,梥,梩,梪,梮,梲,梻,棅,棈,棌,棏,棐,棑,棓,棖,棙,棜,棝,棥,棨,棪,棫,棬,棭,棰,棱,棵,棶,棻,棼,棽,椆,椉,椊,椐,椑,椓,椖,椗,椱,椳,椵,椸,椻,楂,楅,楉,楎,楗,楛,楣,楤,楥,楦,楨,楩,楬,楰,楱,楲,楺,楻,楿,榀,榍,榒,榖,榘,榡,榥,榦,榨,榫,榭,榯,榷,榸,榺,榼,槅,槈,槑,槖,槗,槢,槥,槮,槯,槱,槳,槵,槾,樀,樁,樃,樏,樑,樕,樚,樝,樠,樤,樨,樰,樲,樴,樷,樻,樾,樿,橅,橆,橉,橊,橎,橐,橑,橒,橕,橖,橛,橤,橧,橪,橱,橳,橾,檁,檃,檆,檇,檉,檋,檑,檛,檝,檞,檟,檥,檫,檯,檰,檱,檴,檽,檾,檿,櫆,櫉,櫈,櫌,櫐,櫔,櫕,櫖,櫜,櫝,櫤,櫧,櫬,櫰,櫱,櫲,櫼,櫽,欂,欃,欆,欇,欉,欏,欐,欑,欗,欛,欞,𣏐,𣏒,𣏓,𣏕,𣏚,𣏟,𣏤,𣑊,𣑋,𣑑,𣑥,𣓤,𣕚,𣖔,𣗄,𣘸,𣘹,𣘺,𣙇,𣜌,𣜜,𣜿,𣝣,𣝤,𣟧,𣟿,𣠤,𣠽,㭭,㭷,㮇,㮈,㮍,㮤,㮶,㯃,㯍,㯰,㰏,杍,枒,柛,柼,栁,栐,栘,栾,桉,梐,梙,梫,梴,棃,棤,棷,椃,椇,楆,榰,槀,槏,槣,槩,槪,槴,槶,樳,橫,橺,檔,檡,櫳,欋,欄,﨓,﨔,梅",700
radical,32,土 (つち),"圧,域,堰,塩,塊,壊,垣,堪,基,境,尭,均,圭,型,堅,坑,垢,壕,坤,墾,坐,塞,在,坂,堺,埼,執,塾,城,場,壌,埴,塵,垂,塑,増,堕,堆,坦,壇,地,墜,塚,坪,堤,填,堵,塗,土,塔,塘,堂,埜,培,塙,埠,墳,塀,壁,墓,報,坊,墨,堀,埋,塁,圦,圷,圸,坎,圻,址,坏,坩,埀,垈,坡,坿,垉,垓,垠,垳,垤,垪,垰,埃,埆,埔,埒,埓,堊,埖,埣,堋,堙,堝,塲,堡,塢,塋,塰,塒,堽,塹,墅,墹,墟,墫,墺,壞,墻,墸,墮,壅,壓,壑,壗,壙,壘,壥,壜,壤,壟,堯,圠,圢,圣,圤,圥,圩,圪,圬,圮,圯,圳,圴,圽,圾,圿,坅,坆,坌,坍,坒,坢,坥,坧,坨,坫,坭,坮,坯,坰,坱,坳,坴,坵,坷,坹,坺,坻,坼,坾,垁,垃,垌,垔,垗,垙,垚,垜,垝,垞,垟,垡,垕,垧,垨,垩,垬,垸,垽,埇,埈,埌,埏,埕,埝,埞,埤,埦,埧,埩,埭,埰,埵,埶,埸,埽,埾,埿,堃,堄,堈,堉,埡,堌,堍,堛,堞,堟,堠,堦,堧,堭,堲,堹,堿,塉,塌,塍,塏,塐,塕,塟,塡,塤,塧,塨,塸,塼,塿,墀,墁,墇,墈,墉,墊,墌,墍,墏,墐,墔,墖,墝,墠,墡,墢,墦,墩,墱,墲,壄,墼,壂,壈,壍,壎,壐,壒,壔,壖,壚,壝,壡,壢,壩,𡈽,𡉕,𡉴,𡉻,𡋗,𡋤,𡋽,𡌛,𡌶,𡍄,𡏄,𡑭,𡑮,㙊,圡,埗,埻,墋,增,墪,壃,壠,﨏,塚,塀,墨",293
radical,68,Radical 68,"斡,斜,斗,料,斛,斟,斘,斝,斠,斣",10
radical,40,宀 (うかんむり),"宛,安,宇,宴,家,寡,害,寒,完,官,寛,寄,宜,客,宮,寓,宏,宰,察,宍,室,実,寂,守,宗,宿,宵,寝,審,宣,宋,宅,宙,寵,定,宕,寅,寧,富,宝,密,宥,容,寮,宀,它,宦,宸,寃,寇,寉,寔,寐,寤,實,寢,寞,寥,寫,寰,寶,寳,寨,宁,宄,宆,宊,宎,宐,宑,宓,宔,宖,宨,宩,宬,宭,宯,宱,宲,宷,宺,宼,寀,寁,寍,寏,寖,寗,寘,寙,寚,寠,寯,寱,寴,𡧃,㝡,㝢,㝫,㝬,寎,寬",103
radical,142,虫 (むし),"虻,蝦,蚊,蛾,蟹,蛙,蛎,蟻,蛍,蚕,蛇,蝕,蝉,蛸,蛋,蜘,虫,蝶,虹,蚤,蝿,蛤,蛮,蛭,蜂,蜜,融,螺,蝋,虱,蚓,蚣,蚩,蚪,蚋,蚌,蚶,蚯,蛄,蛆,蚰,蛉,蠣,蚫,蛔,蛞,蛩,蛬,蛟,蛛,蛯,蜒,蜆,蜈,蜀,蜃,蛻,蜑,蜉,蜍,蛹,蜊,蜴,蜿,蜷,蜻,蜥,蜩,蜚,蝠,蝟,蝸,蝌,蝎,蝴,蝗,蝨,蝮,蝙,蝓,蝣,蝪,蠅,螢,螟,螂,螯,蟋,螽,蟀,蟐,螫,蟄,螳,蟇,蟆,螻,蟯,蟲,蟠,蠏,蠍,蟾,蟶,蟷,蠎,蟒,蠑,蠖,蠕,蠢,蠡,蠱,蠶,蠹,蠧,蠻,虬,虯,虵,虶,虷,虺,蚍,蚑,蚖,蚘,蚚,蚜,蚡,蚦,蚧,蚨,蚭,蚱,蚳,蚴,蚵,蚷,蚸,蚹,蚿,蛀,蛁,蛃,蛅,蛑,蛒,蛕,蛗,蛚,蛜,蛠,蛣,蛥,蛧,蚈,蛺,蛼,蛽,蜄,蜅,蜇,蜋,蜎,蜏,蜐,蜓,蜔,蜙,蜞,蜟,蜡,蜣,蜨,蜮,蜯,蜱,蜲,蜹,蜺,蜼,蜽,蜾,蝀,蝃,蝅,蝍,蝘,蝝,蝡,蝤,蝥,蝯,蝱,蝲,蝻,螃,螄,螅,螆,螇,螈,螉,螋,螌,螐,螓,螕,螗,螘,螙,螞,螠,螣,螧,螬,螭,螮,螱,螵,螾,螿,蟁,蟈,蟉,蟊,蟎,蟕,蟖,蟙,蟚,蟜,蟟,蟢,蟣,蟤,蟪,蟫,蟭,蟱,蟳,蟸,蟺,蟿,蠁,蠃,蠆,蠉,蠊,蠋,蠐,蠙,蠒,蠓,蠔,蠘,蠚,蠛,蠜,蠞,蠟,蠨,蠭,蠮,蠰,蠲,蠵,蠺,蠼,𧏚,𧏛,𧏾,𧐐,𧑉,䖝,䖸,䗥,䗪,蚇,蚉,蚝,蛦,蝑,蝼,蟥,蟦,蟬,蟵,﨡",290
radical,184,食/飠 (しょく),"飴,飲,餌,餓,館,飢,饗,餐,飼,飾,食,飯,飽,餅,養,飭,飮,飩,飫,餃,餉,餒,餔,餘,餡,餝,餞,餤,餠,餬,餮,餽,餾,饂,饉,饅,饐,饋,饑,饒,饌,饕,飡,飣,飥,飦,飧,飪,飳,飶,餂,餇,餈,餑,餕,餖,餗,餚,餛,餜,餟,餢,餦,餧,餫,餱,餲,餳,餴,餵,餹,餺,餻,餼,饀,饁,饆,饇,饈,饍,饎,饔,饘,饙,饛,饜,饞,饟,饠,𩙿,𩛰,𩜙,𩝐,䬻,飠,飰,飱",97
radical,120,糸 (いと),"絢,綾,維,緯,縁,絵,緩,紀,級,糾,給,緊,繰,系,経,継,繋,結,絹,絃,紅,紘,絞,綱,紺,細,索,纂,糸,紙,紫,縞,紗,綬,終,繍,縦,縮,純,緒,紹,織,紳,績,絶,線,繊,繕,素,組,総,綜,続,綻,綴,紬,締,纏,統,縄,納,縛,繁,緋,紐,紛,編,縫,紡,繭,綿,緬,網,紋,約,絡,緑,累,練,糺,紆,紂,紜,紕,紊,絅,絋,紮,紲,紿,紵,絆,絳,絖,絎,絲,絨,絮,絏,絣,經,綉,絛,綏,絽,綛,綺,綮,綣,綵,緇,綽,綫,總,綢,綯,緜,綸,綟,綰,緘,緝,緤,緞,緻,緲,緡,縅,縊,縣,縡,縒,縱,縟,縉,縋,縢,繆,繦,縻,縵,縹,繃,縷,縲,縺,繧,繝,繖,繞,繙,繚,繹,繪,繩,繼,繻,纃,緕,繽,辮,繿,纈,纉,續,纒,纐,纓,纔,纖,纎,纛,纜,紃,紇,紈,紉,紏,紑,紒,紓,紖,紝,紞,紣,紦,紪,紭,紱,紼,紽,紾,絀,絁,絇,絈,絍,絑,絓,絗,絙,絚,絜,絝,絥,絧,絪,絰,絸,絺,絻,絿,綁,綂,綃,綅,綆,綈,綋,綌,綍,綑,綖,綗,綝,綞,綦,綧,綪,綳,綶,綷,綹,緂,緃,緄,緅,緆,緌,緍,緎,緗,緙,縀,緢,緥,緦,緪,緫,緭,緱,緵,緶,緹,緺,縈,縐,縑,縕,縗,縜,縝,縠,縧,縨,縬,縭,縯,縳,縶,縿,繄,繅,繇,繎,繐,繒,繘,繟,繡,繢,繥,繫,繮,繯,繳,繸,繾,纁,纆,纇,纊,纍,纑,纕,纘,纚,纝,纞,𥿔,𥿠,𥿻,𦀌,𦀗,𦁠,𦃭,䋆,䋖,䋝,䌂,䌫,綠,緀,緖,緣,繵,練,縉,繁",319
radical,62,Radical 62,"或,我,戒,戯,戟,戎,成,戚,戦,戴,戊,戈,戉,戍,戌,戔,戛,戞,戡,截,戮,戰,戲,戳,戝,戓,戕,戜,戠,戢,戣,戧,戩,戫,𢦏",35
radical,119,Radical 119,"粟,粥,粁,粂,糊,糠,粧,粋,精,糎,粗,糟,糖,粘,粕,粉,糞,米,粍,籾,粒,糧,籵,粃,粐,粤,粭,粢,粫,粡,粨,粳,粲,粱,粮,粹,粽,糀,糅,糂,糘,糒,糜,糢,糯,糲,糴,糶,籹,籼,籽,粆,粇,粏,粔,粞,粠,粦,粰,粶,粷,粺,粻,粼,粿,糄,糇,糈,糉,糍,糏,糓,糔,糕,糗,糙,糚,糝,糦,糩,糫,糵,𥸮,𥹖,𥹢,𥹥,𥻂,𥻘,𥻨,𥼣,𥽜",91
radical,145,衣/衤 (ころも),"袷,衣,襖,褐,衿,襟,袈,袴,裟,裁,襲,裳,衰,裾,製,装,袖,袋,衷,被,表,複,補,褒,裕,裸,裏,裡,裂,衫,袁,衾,袞,衵,衽,袵,衲,袂,袗,袒,袮,袙,袢,袍,袤,袰,袿,袱,裃,裄,裔,裘,裙,裝,裹,褂,裼,裴,裨,裲,褄,褌,褊,褓,襃,褞,褥,褪,褫,襁,襄,褻,褶,褸,襌,褝,襠,襞,襦,襤,襭,襪,襯,襴,襷,襍,衤,衩,衱,衹,衻,袀,袘,袚,袛,袜,袟,袠,袨,袪,袺,袽,袾,裀,裊,裋,裌,裍,裎,裑,裒,裓,裛,裞,裧,裯,裰,裱,裵,裷,褁,褆,褍,褎,褏,褕,褖,褘,褙,褚,褜,褠,褦,褧,褨,褰,褱,褲,褵,褹,褺,褾,襀,襂,襅,襆,襉,襏,襒,襗,襚,襛,襜,襡,襢,襣,襫,襮,襰,襳,襵,襺,襻,襼,襽,𧘔,𧘕,𧘱,𧚄,𧚓,𧜎,𧜣,𧝒,䙁,䙥,衯,袼,褷,褐",179
radical,53,Radical 53,"庵,廓,庫,広,庚,康,座,庶,序,庄,床,廠,庁,底,庭,店,度,廃,庇,廟,府,庖,庸,廉,廊,广,庠,廁,廂,廈,廐,廏,廖,廣,廝,廚,廛,廢,廡,廨,廩,廬,廱,廳,廰,庀,庋,庎,庢,庤,庥,庨,庪,庬,庱,庳,庽,庾,庿,廆,廌,廋,廎,廑,廒,廔,廕,廜,廞,廥,廫,𢈘,庹,廙,廊",75
radical,169,門 (もん),"闇,閏,閲,開,閣,間,閑,関,閤,閃,闘,閥,閉,門,閂,閇,閊,閔,閖,閘,閙,閠,閨,閧,閭,閼,閻,閹,閾,闊,闃,闍,闌,闕,闔,闖,關,闡,闥,闢,閄,閈,閌,閍,閎,閝,閞,閟,閡,閦,閩,閫,閬,閴,閶,閺,閽,閿,闆,闈,闉,闋,闐,闑,闒,闓,闙,闚,闝,闞,闟,闠,闤,闦,𨴐,𨵱,𨷻,䦰,閆",79
radical,177,Radical 177,"鞍,革,鞄,鞠,靴,鞘,靭,鞭,鞫,靫,靱,靹,鞅,靼,鞁,靺,鞆,鞋,鞏,鞐,鞜,鞨,鞦,鞣,鞳,鞴,韃,韆,韈,靪,靮,靳,靶,靷,靸,靻,靽,靿,鞀,鞉,鞕,鞖,鞗,鞙,鞚,鞞,鞟,鞢,鞬,鞮,鞱,鞲,鞵,鞶,鞸,鞹,鞺,鞼,鞾,鞿,韁,韄,韅,韇,韉,韊,𩊠,𩊱",68
radical,9,人/亻 (ひと),"以,伊,位,依,偉,億,俺,仮,何,伽,価,佳,俄,介,会,侃,企,伎,偽,儀,仇,休,供,侠,僑,仰,僅,倶,偶,係,傾,傑,件,倹,倦,健,個,伍,佼,侯,候,倖,今,佐,債,催,作,傘,仕,仔,伺,使,似,侍,偲,舎,借,儒,修,什,住,俊,傷,償,伸,信,侵,人,仁,仙,僧,倉,像,促,側,俗,他,体,代,但,値,仲,佃,低,停,偵,伝,倒,働,任,俳,倍,伯,伐,伴,備,俵,付,侮,伏,仏,併,僻,偏,便,保,舗,倣,俸,傍,僕,俣,侭,儲,佑,優,余,傭,侶,僚,倫,令,伶,例,倭,从,仍,仄,仆,仂,仗,仞,仭,仟,价,伉,佚,估,佛,佝,佗,佇,佶,侈,侏,侘,佻,佩,佰,侑,佯,來,侖,儘,俔,俟,俎,俘,俛,俑,俚,俐,俤,俥,倚,倨,倔,倪,倥,倅,伜,俶,倡,倩,倬,俾,俯,們,倆,偃,假,偕,偐,偈,做,偖,偬,偸,傀,傚,傅,傴,傲,僉,僊,傳,僂,僖,僞,僥,僭,僣,僮,價,僵,儉,儁,儂,儖,儕,儔,儚,儡,儺,儷,儼,儻,佞,倏,仃,仐,仚,仛,仠,仡,仢,仨,仯,仱,仳,仵,份,仾,仿,伀,伂,伃,伈,伋,伌,伒,伕,伖,众,伙,伮,伱,你,伳,伵,伷,伹,伻,伾,佀,佂,佈,佉,佋,佌,佒,佔,佖,佘,佟,佣,佪,佬,佮,佱,佷,佸,佹,佺,佽,佾,侁,侂,侄,侅,侉,侊,侌,侎,侐,侒,侓,侔,侗,侙,侚,侞,侟,侲,侷,侹,侻,侼,侽,侾,俀,俁,俅,俆,俈,俉,俋,俌,俍,俏,俒,俜,俠,俢,俰,俲,俼,俽,俿,倀,倁,倄,倇,倊,倌,倎,倐,倓,倗,倘,倛,倜,倝,倞,倢,倧,倮,倰,倲,倳,倵,偀,偁,偂,偅,偆,偊,偌,偎,偑,偒,偓,偗,偙,偟,偠,偢,偣,偦,偧,偪,偭,偰,偱,倻,傁,傃,傄,傆,傊,傎,傏,傐,傒,傓,傔,傖,傛,傜,傞,傟,傠,傡,傢,傪,傯,傰,傹,傺,傽,僀,僃,僄,僇,僌,僎,僐,僓,僔,僘,僜,僝,僟,僢,僤,僦,僨,僩,僯,僱,僶,僺,僾,儃,儆,儇,儈,儋,儌,儍,儎,僲,儐,儗,儙,儛,儜,儝,儞,儣,儧,儨,儬,儭,儯,儱,儳,儴,儵,儸,儹,𠆢,𠈓,𠌫,𠍱,𠎁,𠏹,𠑊,㑨,㑪,㒒,亻,亼,仈,仫,佤,俦,俱,倂,傈,傕,傣,傱,傻,僙,僡,僳,侮,僧",469
radical,31,Radical 31,"囲,因,園,回,圏,固,国,困,四,囚,図,団,圃,囗,囮,囹,圀,囿,圄,圉,圈,國,圍,圓,團,圖,圜,囙,囜,囝,囟,囡,囤,囥,囦,囧,囨,囱,囫,园,囶,囷,圁,圂,圇,圊,圌,圑,圕,圚,圛,圝,𡈁",53
radical,37,大 (だい),"夷,奄,央,奥,奇,契,失,奨,奏,太,大,奪,天,套,奈,夫,奮,奉,奔,夬,夭,夲,夸,夾,奕,奐,奎,奚,奘,奢,奠,奧,奬,奩,夨,夯,夰,夳,夵,夶,夿,奃,奆,奒,奓,奙,奛,奝,奞,奟,奡,奣,奫,奭,奯,奲,𡗗,𡙇,㚑,㚖,㚙,夽",62
radical,41,Radical 41,"尉,寺,射,寿,将,尋,寸,専,尊,対,導,封,尅,將,專,對,寽,尌,㝵,尃",20
radical,86,火/灬 (ひ),"為,烏,炎,焔,煙,燕,火,灰,灸,熊,災,燦,煮,灼,熟,焼,焦,照,燭,炊,煎,煽,然,燥,炭,点,灯,燈,熱,燃,煤,爆,煩,焚,烹,無,熔,燐,烈,煉,炉,燮,營,炙,炒,炯,烱,炬,炸,炳,炮,烟,烋,烝,烙,焉,烽,焜,焙,煥,煕,熈,煦,煢,煌,煖,煬,熏,燻,熄,熕,熨,熬,燗,熹,熾,燒,燉,燔,燎,燠,燬,燧,燵,燼,燹,燿,爍,爐,爛,爨,熙,灬,灮,灵,灶,灾,炁,炅,炆,炔,炕,炖,炗,炘,炛,炤,炫,炰,炱,炴,炷,烊,烑,烓,烔,烕,烖,烘,烜,烤,烺,焃,焄,焅,焆,焇,焋,焌,焏,焞,焠,焫,焭,焯,焰,焱,焸,煁,煅,煆,煇,煊,煋,煐,煒,煗,煚,煜,煞,煠,煨,煹,熀,熅,熇,熌,熒,熚,熛,熠,熢,熯,熰,熲,熳,熺,熿,燀,燁,燄,燋,燌,燓,燖,燙,燚,燜,燸,燾,爀,爇,爈,爉,爓,爗,爚,爝,爟,爤,𤇆,𤇾,𤎼,㷀,㷔,㸅,炟,炻,烬,焈,焮,煑,煓,熖,熮,爕,煮",207
radical,102,田 (た),"畏,異,画,界,畿,畦,甲,畳,申,畝,男,畜,町,田,畷,畑,畠,畔,番,畢,由,略,留,甸,畋,甼,畄,畍,畊,畉,畛,畆,畚,畩,畤,畧,畫,畭,畸,當,疆,疇,畴,疊,疉,疂,甶,甹,甽,甾,甿,畀,畃,畇,畈,畎,畐,畒,畗,畞,畟,畡,畯,畱,畹,畺,畻,畼,畽,畾,疁,疅,𤰖,㽗,畬,畲",76
radical,130,肉/月 (にく),"胃,育,胤,臆,肝,脚,胸,脅,肩,股,胡,肯,肱,腔,膏,腰,肴,肢,脂,腫,肖,腎,脆,脊,腺,膳,臓,胎,腿,脱,胆,脹,腸,胴,肉,能,脳,膿,背,肺,肌,肥,膝,肘,腐,膚,腹,胞,肪,膨,膜,脈,肋,脇,腕,肛,肓,肚,肭,肬,胛,胥,胙,胝,胄,胚,胖,脉,胯,胱,脛,脩,脣,脯,腋,腆,脾,腓,腑,胼,腱,腮,腥,腦,腴,膃,膈,膊,膀,膂,膠,膕,膤,膣,腟,膓,膩,膰,膵,膾,膸,膽,臀,臂,膺,臉,臍,臑,臙,臘,臈,臚,臟,臠,肎,肜,肞,肦,肧,肫,肸,肹,胈,胍,胏,胒,胔,胕,胗,胘,胠,胭,胮,胰,胲,胳,胶,胹,胺,胾,脃,脋,脖,脗,脘,脜,脞,脠,脤,脧,脬,脰,脵,脺,脼,腅,腇,腊,腌,腒,腗,腠,腡,腧,腨,腩,腭,腯,腷,膁,膐,膄,膅,膆,膋,膎,膖,膘,膛,膞,膢,膮,膲,膴,膻,臋,臃,臅,臊,臎,臏,臕,臗,臛,臝,臞,臡,𦙾,𦚰,𦜝,䏮,䏰,䐈,䐗,䐜,䐢,肙,肤,胅,胊,胦,胵,胻,脍,脽,臁,臖",217
radical,149,言/訁 (ことば),"謂,詠,謁,課,該,諌,記,誼,議,詰,許,謹,訓,計,詣,警,訣,謙,言,諺,誇,語,誤,護,講,詐,讃,詞,詩,試,誌,諮,識,謝,讐,諸,訟,証,詔,詳,譲,診,訊,諏,誠,誓,請,設,説,詮,訴,詑,託,諾,誰,誕,談,註,調,諜,訂,諦,討,謄,読,謎,認,誹,謬,評,譜,訪,謀,訳,諭,誘,誉,謡,諒,論,話,詫,變,譱,訃,訖,訐,訌,訛,訝,訥,訶,詁,詛,詒,詆,詈,詼,詭,詬,詢,誅,誂,誄,誨,誡,誑,誥,誦,誚,誣,諄,諍,諂,諚,諫,諳,諧,諤,諱,謔,諠,諢,諷,諞,諛,謌,謇,謚,諡,謖,謐,謗,謠,謳,謦,謫,謾,謨,譁,譌,譏,譎,證,譖,譛,譚,譫,譟,譬,譯,譴,譽,讀,讌,讎,讒,讓,讖,讙,讚,訄,訅,訇,訏,訑,訒,訔,訕,訞,訠,訢,訤,訦,訫,訬,訯,訵,訷,訽,訾,詀,詃,詅,詇,詉,詍,詎,詓,詖,詗,詘,詜,詝,詡,詥,詧,詵,詶,詷,詹,詺,詻,詾,詿,誀,誃,誆,誋,誏,誐,誒,誖,誗,誙,誟,誧,誩,誮,誯,誳,誶,誷,誻,誾,諃,諆,諈,諉,諊,諑,諓,諔,諕,諗,諝,諟,諬,諰,諴,諵,諶,諼,諿,謅,謆,謋,謑,謜,謞,謟,謊,謭,謰,謷,謼,譂,譃,譄,譅,譆,譈,譒,譓,譔,譙,譍,譞,譣,譭,譶,譸,譹,譼,譾,讁,讄,讅,讋,讍,讏,讔,讕,讜,讞,讟,𧦅,𧪄,䚯,䜌,訡,諐,謍,譑,譩,譿,讝,諸,謁,謹",300
radical,23,Radical 23,"医,区,匿,匹,匸,區,匼,匽,匾",9
radical,8,亠 (なべぶた),"亥,亨,享,京,交,亭,亡,亦,亮,亠,亢,亰,亳,亶,亯,亹,㐬,㐮",18
radical,163,Radical 163,"郁,郭,郷,郡,郊,邪,邸,鄭,都,那,部,邦,邑,郵,郎,邨,邯,邱,邵,郢,郤,郛,鄂,鄒,鄙,鄲,鄰,邕,邗,邘,邙,邛,邠,邡,邢,邥,邰,邲,邳,邴,邶,邽,郌,邾,郃,郄,郅,郇,郈,郕,郗,郘,郙,郜,郝,郟,郥,郒,郶,郫,郯,郰,郴,郾,郿,鄀,鄄,鄅,鄆,鄈,鄍,鄐,鄔,鄖,鄗,鄘,鄚,鄜,鄞,鄠,鄥,鄢,鄣,鄧,鄩,鄮,鄯,鄱,鄴,鄶,鄷,鄹,鄺,鄼,鄽,酃,酇,酈,𨛗,𨛺,䢵,郞,郲,鄕,酆,都",106
radical,112,石 (いし),"磯,碓,碍,確,砧,研,硯,碁,硬,砿,砂,砕,砦,碕,磁,硝,礁,石,碩,礎,碇,砥,砺,破,硲,磐,碑,碧,砲,磨,硫,碗,矼,砌,砒,礦,砠,礪,硅,碎,硴,碆,硼,碚,碌,碣,碵,碪,碯,磑,磆,磋,磔,碾,碼,磅,磊,磬,磧,磚,磽,磴,礇,礒,礑,礙,礬,礫,矴,矸,矻,砅,砆,砉,砍,砎,砑,砝,砡,砢,砣,砭,砮,砰,砵,砷,硃,硄,硇,硈,硌,硎,硒,硜,硞,硠,硡,硣,硤,硨,硪,确,硺,硾,碊,碏,碔,碘,碡,碝,碞,碟,碤,碨,碬,碭,碰,碱,碲,碳,碻,碽,碿,磇,磈,磉,磌,磎,磒,磓,磕,磖,磤,磛,磟,磠,磡,磦,磪,磲,磳,礀,磶,磷,磺,磻,磿,礆,礌,礐,礚,礜,礞,礟,礠,礥,礧,礩,礭,礱,礴,礵,𥐮,𥒎,𥓙,𥔎,𥖧,砙,砬,硏,硑,磹,磾,礛,礮,礰,碑",177
radical,1,一 (いち),"一,丑,下,且,丘,三,七,上,丈,丞,世,丁,不,丙,並,万,与,両,丐,丕,丗,丂,丄,丅,丌,丒,丟,丣,两,𠀋,㐂,丏",32
radical,33,Radical 33,"壱,士,壬,声,壮,壷,売,壯,壺,壹,壻,壼,壽,壳,壴",15
radical,10,儿 (にんにょう),"允,兜,兇,兄,元,光,克,児,充,先,兆,兎,党,免,儿,兀,兒,兌,兔,兢,兂,兊,兏,兓,兕,兗,兘,兟,兤,兠,免",31
radical,26,Radical 26,"印,卯,卸,危,却,卿,即,卵,卩,卮,卻,卷,卬,卭,卲,卹,卾,卺,卽",19
radical,57,弓 (ゆみ),"引,弓,強,彊,弦,弧,弘,弱,弾,弛,弔,張,弟,弼,弗,弥,弖,弩,弭,弸,彁,彈,彌,彎,弯,弙,弜,弝,弡,弢,弣,弤,弨,弫,弬,弮,弰,弴,弶,弻,弽,弿,彀,彄,彅,彇,彍,𢎭,弞",49
radical,180,Radical 180,"韻,音,響,韶,韵,韴,韷,韸,韺,響",10
radical,124,Radical 124,"羽,翁,翰,翫,習,翠,翻,耀,翌,翼,翅,翆,翊,翕,翔,翡,翦,翩,翳,翹,羿,翀,翃,翈,翎,翏,翛,翟,翣,翥,翨,翬,翮,翯,翲,翺,翽,翾,翿,𦐂",40
radical,173,雨 (あめ),"雨,雲,霞,雫,需,震,雪,霜,電,雰,霧,雷,零,霊,露,霸,霍,雹,霄,霆,霈,霓,霎,霑,霏,霖,霙,霤,霪,霰,霹,霽,霾,靄,靆,靈,靂,靉,雩,雯,雱,雺,霂,霃,霅,霉,霚,霛,霝,霡,霢,霣,霨,霱,霳,靁,靃,靊,靎,靏,䨩,霔,霶,霻,靇,靍",66
radical,196,鳥 (とり),"鵜,鴛,鴬,鴎,鴨,鶏,鴻,鵠,鷺,鴫,鷹,鳥,鶴,鴇,鳶,鳩,鳳,鵬,鵡,鳴,鷲,鳧,鳬,鳰,鴉,鴈,鳫,鴃,鴆,鴪,鴦,鶯,鴣,鴟,鵄,鴕,鴒,鵁,鴿,鴾,鵆,鵈,鵝,鵞,鵤,鵑,鵐,鵙,鵲,鶉,鶇,鶫,鵯,鵺,鶚,鶤,鶩,鶲,鷄,鷁,鶻,鶸,鶺,鷆,鷏,鷂,鷙,鷓,鷸,鷦,鷭,鷯,鷽,鸚,鸛,鸞,鳦,鳲,鳷,鳹,鴋,鴂,鴑,鴗,鴘,鴜,鴝,鴞,鴯,鴰,鴲,鴳,鴴,鴺,鴼,鵅,鴽,鵂,鵃,鵇,鵊,鵓,鵔,鵟,鵣,鵢,鵥,鵩,鵪,鵫,鵰,鵶,鵷,鵻,鵼,鵾,鶃,鶄,鶆,鶊,鶍,鶎,鶒,鶓,鶕,鶖,鶗,鶘,鶡,鶪,鶬,鶮,鶱,鶵,鶹,鶼,鶿,鷃,鷇,鷉,鷊,鷔,鷕,鷖,鷗,鷚,鷞,鷟,鷠,鷥,鷧,鷩,鷫,鷮,鷰,鷳,鷴,鷾,鸊,鸂,鸇,鸎,鸐,鸑,鸒,鸕,鸖,鸙,鸜,鸝,𩿎,𪀚,𪀯,𪂂,𪃹,𪆐,䳄,䳑,䴇,鵒,鵳,鶙,鶽,鷀,鷣,鸍",186
radical,116,Radical 116,"窺,竃,究,窮,空,窟,窪,穴,窄,窃,穿,窓,窒,突,窯,穹,穽,窈,窗,窕,窘,窖,窩,竈,窰,窶,竅,竄,窿,竇,竊,穵,穸,穾,窀,窂,窅,窆,窊,窋,窐,窑,窔,窞,窠,窣,窬,窳,窵,窹,窻,窼,竆,竉,𥧄,𥧔,䆴,䆿,窾,突",60
radical,134,Radical 134,"臼,興,舉,臾,舁,舂,舅,與,舊,臽,臿,舀,舃,𦥑,𦥯,舄",16
radical,27,Radical 27,"厩,厭,原,厳,厚,厨,厄,厘,厂,厖,厠,厦,厥,厮,厰,厃,厇,厈,厎,厓,厔,厙,厝,厡,厤,厪,厫,厯,厲,厴,厵",31
radical,97,Radical 97,"瓜,瓢,瓠,瓣,瓞,瓟,瓤",7
radical,29,Radical 29,"叡,及,叉,取,受,収,叔,叙,双,叢,反,叛,又,友,叟,叏,叒,叓,叕,叚,叝,叞,叠,𠬝,㕝,㕞",26
radical,59,Radical 59,"影,形,彩,彰,彫,彦,彪,彬,彡,彭,彣,彤,彧,彯,彲",15
radical,73,Radical 73,"曳,曲,更,最,書,曾,曽,曹,替,會,曼,曰,曵,曷,曺,朅,朇,朁",18
radical,96,玉/王 (たま),"瑛,王,珂,環,玩,球,玉,琴,玖,珪,現,瑚,瑳,珊,璽,珠,瑞,琢,珍,琶,班,琵,理,璃,琉,琳,瑠,玲,珈,玳,珎,玻,珀,珥,珮,珞,璢,琅,瑯,琥,珸,琲,琺,瑕,琿,瑟,瑙,瑁,瑜,瑩,瑰,瑣,瑪,瑶,瑾,璋,璞,璧,瓊,瓏,瓔,珱,瑤,玎,玐,玓,玕,玗,玘,玜,玞,玟,玠,玢,玥,玦,玪,玫,玭,玵,玷,玹,玼,玽,玿,珅,珆,珉,珋,珌,珏,珒,珓,珖,珙,珝,珡,珣,珦,珧,珩,珴,珵,珷,珹,珺,珻,珽,珿,琀,琁,琄,琇,琊,琑,琚,琛,琤,琦,琨,琩,琪,琫,琬,琭,琮,琯,琰,琱,琹,瑀,瑃,瑄,瑆,瑇,瑋,瑍,瑑,瑒,瑗,瑝,瑢,瑦,瑧,瑨,瑫,瑭,瑮,瑱,瑲,璀,璁,璅,璆,璇,璉,璏,璐,璑,璒,璘,璙,璚,璜,璟,璠,璡,璣,璦,璨,璩,璪,璫,璮,璯,璱,璲,璵,璹,璻,璿,瓈,瓉,瓌,瓐,瓓,瓘,瓚,瓛,𤩍,玊,玔,玨,琓,瑓,璈,璗,璥,璺,瓖,琢",201
radical,108,Radical 108,"盈,益,監,皿,盛,盗,盃,盤,盆,盟,盜,盂,盍,盖,盒,盞,盡,盥,盧,盪,盁,盅,盉,盋,盌,盎,盔,盙,盠,盦,盨,盬,𥁊,𥁕",34
radical,113,示/礻 (しめす),"頴,禍,祈,祇,禦,禁,祁,祭,祉,示,社,祝,祥,神,禅,祖,禎,祷,禰,祢,票,福,祐,礼,禄,祀,祠,祗,祟,祚,祕,祓,祺,祿,禊,禝,禧,禪,禮,禳,禀,礻,礽,礿,祄,祅,祆,祊,祋,祏,祑,祔,祘,祛,祜,祧,祩,祫,祲,祹,祻,祼,祾,禋,禌,禑,禓,禔,禕,禖,禘,禛,禜,禡,禨,禩,禫,禯,禱,禴,䄅,神,祥,福,社,祉,祈,祐,祖,祝,禍,禎",92
radical,144,Radical 144,"衛,街,行,衡,術,衝,衍,衒,衙,衞,衢,衎,衑,衕,衖,衘,衚,衜,衟,衠",20
radical,167,金/釒 (かね),"鋭,鉛,鎧,鈎,釜,鎌,鑑,鋸,鏡,錦,金,銀,釧,鍬,鍵,鈷,鉱,鋼,鎖,錯,錆,錫,銃,鋤,鉦,鍾,鐘,錠,針,錐,錘,銭,銑,鎗,鐸,鍛,鋳,銚,鎮,鎚,鍔,釣,釘,鏑,鉄,鍍,鐙,銅,鈍,鍋,鉢,錨,鋲,鋪,鋒,鉾,釦,銘,鑓,鈴,錬,録,釖,釟,釡,釛,釼,釵,釶,鈞,釿,鈔,鈬,鈕,鈑,鉞,鉗,鉅,鉉,鉤,鉈,銕,鈿,鉋,鉐,銜,銖,銓,銛,鉚,鋏,銹,銷,鋩,錏,鋺,鍄,錮,錙,錢,錚,錣,錺,錵,錻,鍜,鍠,鍼,鍮,鍖,鎰,鎬,鎭,鎔,鎹,鏖,鏗,鏨,鏥,鏘,鏃,鏝,鏐,鏈,鏤,鐚,鐔,鐓,鐃,鐇,鐐,鐶,鐫,鐵,鐡,鐺,鑁,鑒,鑄,鑛,鑠,鑢,鑞,鑪,鈩,鑰,鑵,鑷,鑽,鑚,鑼,鑾,钁,鑿,釓,釔,釗,釙,釚,釞,釤,釥,釩,釪,釬,釭,釮,釯,釰,釱,釷,釹,釻,釽,鈀,鈁,鈄,鈅,鈆,鈇,鈉,鈊,鈌,鈐,鈒,鈓,鈖,鈘,鈜,鈝,鈣,鈤,鈥,鈦,鈨,鈮,鈯,鈰,鈳,鈵,鈶,鈸,鈹,鈺,鈼,鈾,鉀,鉂,鉃,鉆,鉇,鉊,鉍,鉎,鉏,鉑,鉘,鉙,鉜,鉝,鉠,鉡,鉥,鉧,鉨,鉩,鉮,鉯,鉰,鉵,鉶,鉷,鉸,鉹,鉻,鉼,鉽,鉿,銈,銉,銊,銍,銎,銒,銗,銙,銟,銠,銤,銥,銧,銨,銫,銯,銲,銶,銸,銺,銻,銼,銽,銿,鋀,鋁,鋂,鋃,鋅,鋆,鋇,鋈,鋋,鋌,鋍,鋎,鋐,鋓,鋕,鋗,鋘,鋙,鋜,鋝,鋟,鋠,鋡,鋣,鋥,鋧,鋨,鋬,鋮,鋰,鋹,鋻,鋿,錀,錂,錈,錍,錑,錔,錕,錜,錝,錞,錟,錡,錤,錥,錧,錩,錪,錳,錴,錶,錷,鍇,鍈,鍉,鍐,鍑,鍒,鍕,鍗,鍘,鍚,鍞,鍤,鍥,鍧,鍩,鍪,鍭,鍯,鍰,鍱,鍳,鍴,鍶,鍺,鍽,鍿,鎀,鎁,鎂,鎈,鎊,鎋,鎍,鎏,鎒,鎕,鎘,鎛,鎞,鎡,鎣,鎤,鎦,鎨,鎫,鎴,鎵,鎶,鎺,鎩,鏁,鏄,鏅,鏆,鏇,鏉,鏊,鏋,鏌,鏍,鏓,鏙,鏜,鏞,鏟,鏢,鏦,鏧,鏹,鏷,鏸,鏺,鏻,鏽,鐁,鐂,鐄,鐈,鐉,鐍,鐎,鐏,鐕,鐖,鐗,鐟,鐮,鐯,鐱,鐲,鐳,鐴,鐻,鐿,鐽,鑃,鑅,鑈,鑊,鑌,鑕,鑙,鑜,鑟,鑡,鑣,鑨,鑫,鑭,鑮,鑯,鑱,鑲,钄,钃,𨥆,𨥉,𨥫,𨦇,𨦈,𨦺,𨦻,𨨞,𨨩,𨩃,𨩱,𨪙,𨫍,𨫝,𨫤,𨯁,𨯯,鈗,鉖,鋷,錄,鍊,鍫,鏱,鏵",456
radical,104,Radical 104,"疫,癌,痕,痔,疾,症,疹,痩,痴,痛,痘,疲,病,癖,癒,痢,療,疔,疚,疝,疥,疣,痂,疳,痃,疵,疽,疸,疼,疱,痍,痊,痒,痙,痣,痞,痾,痿,痼,瘁,痰,痺,痲,痳,瘋,瘍,瘉,瘟,瘧,瘠,瘡,瘢,瘤,瘴,瘰,瘻,癇,癈,癆,癜,癘,癡,癢,癨,癩,癪,癧,癬,癰,癲,疒,疓,疕,疙,疜,疢,疤,疴,疺,疿,痀,痁,痄,痆,痌,痎,痏,痗,痜,痟,痠,痡,痤,痧,痬,痮,痯,痱,痹,瘀,瘂,瘃,瘄,瘇,瘈,瘊,瘌,瘏,瘒,瘓,瘕,瘖,瘙,瘛,瘜,瘝,瘞,瘣,瘥,瘦,瘩,瘭,瘲,瘳,瘵,瘸,瘹,瘺,瘼,癊,癀,癁,癃,癄,癅,癉,癋,癕,癙,癟,癤,癥,癭,癮,癯,癱,癴,𤸎,𤸷,𤹪,𤺋,㽲,㽵,㽷,㾮,㿉,㿗,疰,疷,痓,痝,瘘,瘨",163
radical,187,馬 (うま),"駅,駕,騎,驚,駆,駈,駒,験,駿,騒,駄,騨,馳,駐,騰,馴,馬,駁,馭,馮,馼,駟,駛,駝,駘,駑,駭,駮,駱,駲,駻,駸,騁,騏,騅,駢,騙,騫,騷,驅,驂,驀,驃,騾,驕,驍,驛,驗,驟,驢,驥,驤,驩,驫,驪,馰,馱,馲,馵,馹,馺,馽,馿,駃,駉,駓,駔,駙,駚,駜,駞,駧,駪,駫,駬,駰,駴,駵,駹,駽,駾,騂,騃,騄,騋,騌,騐,騑,騖,騞,騠,騢,騣,騤,騧,騭,騮,騳,騵,騶,騸,驇,驁,驄,驊,驋,驌,驎,驑,驔,驖,驝,𩣆,䯂,駼,騊,騚,騱,驒,驘",120
radical,156,Radical 156,"越,起,趣,趨,走,超,赴,赱,赳,趁,趙,赿,趂,趄,趈,趍,趐,趑,趕,趞,趟,趠,趦,趫,趬,趯,趲",27
radical,13,冂 (けいがまえ),"円,再,冊,内,冒,冂,囘,册,冉,冏,冑,冓,冕,冐,冃,冄,冋,冎,㒼",19
radical,54,Radical 54,"延,廻,建,廷,廼,廴,廸,𢌞,廹,廽",10
radical,94,犬/犭 (いぬ),"猿,獲,狂,狭,狗,犬,献,狐,獄,狛,獅,狩,獣,状,狙,狸,猪,独,猫,狽,犯,猛,猶,猷,猟,狼,犹,犲,狃,狆,狄,狎,狒,狢,狠,狡,狹,狷,猗,猊,猜,猖,猝,猴,猯,猩,猥,猾,獎,獏,獗,獪,獨,獰,獸,獵,獻,獺,犭,犮,犱,犴,犾,狁,狇,狉,狌,狕,狖,狘,狟,狥,狳,狴,狺,狻,狾,猂,猄,猅,猇,猋,猍,猒,猓,猘,猙,猞,猢,猤,猧,猨,猬,猱,猲,猵,猺,猻,猽,獃,獍,獐,獒,獖,獘,獝,獞,獟,獠,獦,獧,獩,獫,獬,獮,獯,獱,獷,獹,獼,玀,玁,玃,𤟱,𤢖,㹠,㹦,㹨,㺃,㺔,犰,狀,猳,猹,猪",135
radical,139,Radical 139,"艶,色,艷,艴",4
radical,70,Radical 70,"於,旗,施,旋,族,方,旅,旃,旆,旁,旄,旌,旒,旛,旙,斿,旂,旈,旉,旎,旐,旔,旖,旘,旟",25
radical,100,Radical 100,"甥,産,生,甦,甠,甡,甤,甧",8
radical,17,凵 (かんにょう),"凹,凶,出,凸,函,凵,凾,凷",8
radical,60,彳 (ぎょうにんべん),"往,徽,径,後,御,従,循,徐,征,待,徴,徹,徒,得,徳,彼,微,復,役,律,彳,彷,徃,徂,彿,徊,很,徑,徇,從,徙,徘,徠,徨,徭,徼,彴,彵,彸,彺,彽,彾,徉,徍,徏,徖,徜,徝,徢,徧,徫,徤,徬,徯,徰,徱,徸,徵,德",59
radical,76,Radical 76,"欧,歌,款,歓,欺,欣,欽,欠,次,歎,欲,欸,欷,欹,歇,歃,歉,歐,歙,歔,歛,歟,歡,欤,欨,欫,欬,欯,欵,欶,欻,欿,歆,歊,歍,歒,歖,歘,歝,歠,㰦",41
radical,79,Radical 79,"殴,殻,毅,殺,段,殿,毀,殳,殷,殼,毆,殸,殹,殽,殾,毃,毄,毉,𣪘,毇,毈,殺",22
radical,201,Radical 201,"黄,黌,黆,黈,黋,黃",6
radical,46,山 (やま),"岡,峨,崖,岳,岸,巌,岩,岐,峡,嵯,崎,山,峻,崇,嵩,岨,岱,島,嶋,峠,峰,峯,崩,岬,嵐,嶺,屶,屹,岌,岑,岔,岫,岻,岶,岼,岷,峅,岾,峇,峙,峩,峽,峺,峭,嶌,峪,崋,崕,崗,嵜,崟,崛,崑,崔,崢,崚,崙,崘,嵌,嵒,嵎,嵋,嵬,嵳,嵶,嶇,嶄,嶂,嶢,嶝,嶬,嶮,嶽,嶐,嶷,嶼,巉,巍,巓,巒,巖,屴,屵,屺,屻,屼,屽,岇,岈,岊,岏,岒,岝,岟,岠,岢,岣,岦,岪,岲,岴,岵,岺,峉,峋,峒,峝,峗,峮,峱,峲,峴,崁,崆,崍,崒,崫,崣,崤,崦,崧,崱,崴,崹,崽,崿,嵂,嵃,嵆,嵈,嵕,嵑,嵙,嵊,嵟,嵠,嵡,嵢,嵤,嵪,嵭,嵰,嵹,嵺,嵾,嵿,嶁,嶃,嶈,嶊,嶒,嶓,嶔,嶕,嶙,嶛,嶟,嶠,嶧,嶫,嶰,嶴,嶸,嶹,巃,巇,巋,巐,巎,巘,巙,𡴭,𡵅,𡵢,𡵸,𡶒,𡶜,𡶡,𡶷,𡷠,𡸳,𡸴,𡼞,𡽶,㟁,㟢,㟨,㟴,㟽,㠀,岧,岭,峐,崐,崝,崠,嵇,嵓,嶗,嶤,巑,巗,﨑",203
radical,44,Radical 44,"屋,居,局,屑,屈,屍,屡,尺,尻,尽,層,属,展,屠,届,尼,尿,尾,履,尸,尹,屁,屆,屎,屓,屐,屏,屬,屙,屚,屜,屢,屣,屧,屨,屩,屭,𡱖,㞍,屛,屟,層",42
radical,93,Radical 93,"牡,犠,牛,牽,犀,牲,特,物,牧,牟,牝,牢,牴,牾,犂,犁,犇,犒,犖,犢,犧,牜,牞,牠,牣,牨,牫,牮,牯,牱,牷,牸,牻,牼,牿,犄,犉,犍,犎,犓,犛,犨,𤘩,𤚥,㸿",45
radical,5,乙 (おつ),"乙,乾,亀,九,乞,乳,也,乱,亂,乢,乚,乜,乣,乨,乩,乴,乵,乹,乿",19
radical,21,Radical 21,"化,匙,北,匕,匘",5
radical,19,力 (ちから),"加,劾,勘,勧,勤,勲,功,効,劫,助,勝,勢,勅,努,動,勉,募,勃,務,勇,力,励,劣,労,劬,劭,劼,劵,勁,勍,勗,勞,勣,勦,勠,勳,勵,勸,勒,劜,劤,劥,劦,劧,劯,劰,劶,劷,劸,劺,劻,劽,勀,勄,勆,勈,勌,勏,勑,勔,勖,勛,勜,勡,勥,勨,勩,勪,勬,勰,勱,勴,勶,勷,𠠺,𠢹,㔟,勊,勐,勉,勤",81
radical,35,Radical 35,"夏,夊,夐,夋,夌,夒,夓,夔,复",9
radical,118,竹 (たけ),"箇,笠,竿,管,簡,笈,筋,策,笹,算,竺,篠,笑,笥,籍,節,箭,第,箪,築,竹,筑,笛,等,答,筒,篤,箔,箱,箸,筈,筏,範,簸,筆,符,箆,篇,簿,箕,簾,篭,簒,笂,笏,笊,笆,笳,笘,笙,笞,笵,笨,笶,筐,筺,笄,筍,笋,筌,筅,筵,筥,筴,筧,筰,筱,筬,筮,箝,箘,箟,箍,箜,箚,箋,箒,箏,筝,箙,篋,篁,篌,篏,箴,篆,篝,篩,簑,簔,篦,篥,籠,簀,簇,簓,篳,篷,簗,簍,篶,簣,簧,簪,簟,簷,簫,簽,籌,籃,籔,籏,籀,籐,籘,籟,籤,籖,籥,籬,竻,竽,竾,笇,笔,笟,笣,笧,笩,笪,笫,笭,笮,笯,笰,笱,笴,笽,笿,筀,筁,筇,筎,筕,筠,筤,筦,筩,筪,筭,筯,筲,筳,筷,箄,箉,箎,箐,箑,箖,箛,箞,箠,箥,箬,箯,箰,箲,箵,箶,箺,箻,箼,箽,篂,篅,篈,篊,篔,篖,篗,篙,篚,篛,篨,篪,篲,篴,篵,篸,篹,篺,篼,篾,簁,簂,簃,簄,簆,簉,簋,簌,簎,簏,簙,簛,簠,簥,簦,簨,簬,簱,簳,簴,簶,簹,簺,籆,籊,籕,籑,籒,籓,籙,籚,籛,籜,籝,籞,籡,籣,籧,籩,籭,籮,籰,籲,𥫣,𥫤,𥫱,𥮲,𥱋,𥱤,𥶡,䇦,䇮,䇳,䈇,䈎,䉤,笒,笻,筹,筿,篰,簞,籅,籗,籯,節",260
radical,154,貝 (かい),"貨,賀,貝,貫,贋,貴,賢,貢,購,財,賛,資,賜,質,賞,責,賎,贈,賊,貸,貯,賃,貞,貼,賭,賑,買,賠,販,費,貧,賓,負,賦,貿,貰,賂,賄,貭,貪,貽,貲,貳,貮,貶,賈,賁,賤,賣,賚,賽,賺,賻,贄,贅,贊,贇,贏,贍,贐,贓,賍,贔,贖,貤,貹,貺,賅,賆,賉,賋,賏,賖,賕,賙,賝,賡,賨,賬,賯,賰,賲,賵,賷,賸,賾,賿,贁,贃,贉,贒,贗,贛,𧶠,𧸐,賱,賴,贎,賓,贈",100
radical,92,Radical 92,"牙,牚",2
radical,131,Radical 131,"臥,臣,臨,臧,臤,𦣝,𦣪",7
radical,172,隹 (ふるとり),"雅,雁,雇,雑,雌,集,雛,雀,隻,難,隼,雄,離,雙,雖,隹,雎,雋,雉,雍,雜,雕,隺,雊,雒,嶲,雘,雚,雝,雞,雟,𨿸,䧺,䨄,隽,難",36
radical,148,Radical 148,"解,角,触,觚,觜,觝,觧,觴,觸,觔,觕,觖,觗,觘,觥,觩,觫,觭,觱,觳,觶,觹,觽,觿,䚡",25
radical,66,Radical 66,"改,敢,救,教,敬,故,攻,散,数,政,整,敵,敦,敗,敏,敷,放,攴,攵,攷,收,攸,效,敖,敕,敍,敘,敞,敝,敲,數,斂,斃,攺,攼,攽,敃,敇,敉,敐,敒,敔,敟,敠,敧,敫,敺,敽,斁,斅,敄,斄,敏",53
radical,194,Radical 194,"魁,鬼,魂,魔,魅,魄,魃,魏,魍,魎,魑,魘,鬽,魈,魋,魌,魕,魖,魗,䰠",20
radical,106,Radical 106,"皆,皇,皐,的,白,百,皀,皃,皈,皋,皎,皖,皓,皙,皚,皁,皅,皌,皍,皕,皛,皜,皝,皟,皠,皢,皣,皤,皥,皦,皧,皨,皪,皭,皞,皡",36
radical,16,几 (つくえ),"凱,処,凧,凪,凡,几,凩,凭,凰,凢,凥,凮,凲,凳,凴,𠘨",16
radical,36,Radical 36,"外,夙,多,夢,夜,夕,夘,夛,夥,夝,夡,夣,夤",13
radical,188,Radical 188,"骸,骨,髄,骭,骰,骼,髀,髏,髑,髓,體,骪,骬,骮,骯,骲,骴,骵,骶,骹,骻,骾,骿,髁,髃,髆,髈,髎,髐,髒,髕,髖,髗,𩩲,䯊,䯒,骷",37
radical,186,Radical 186,"馨,香,馥,馛,馝,馟,馦,馞,馣",9
radical,18,刀/刂 (かたな),"劃,割,刈,刊,刑,劇,券,剣,剛,刻,剤,削,刷,刺,初,剰,刃,制,切,前,創,則,剃,刀,到,剥,判,副,分,別,剖,利,劉,列,刄,刋,刔,刎,刧,刪,刮,刳,刹,剏,剄,剋,剌,剞,剔,剪,剴,剩,剳,剿,剽,劍,劔,劒,剱,劈,劑,刁,刂,刅,划,刓,刕,刖,刘,刢,刨,刱,刲,刵,刼,剅,剉,剕,剗,剘,剚,剜,剟,剠,剡,剦,剮,剷,剸,剹,劀,劂,劅,劊,劌,劓,劕,劖,劗,劘,劚,𠝏,𠠇,㓛,剝,剬,劄",107
radical,147,Radical 147,"覚,観,規,見,視,親,覗,覧,覓,覘,覡,覩,覦,覬,覯,覲,覺,覽,覿,觀,覍,覐,覔,覕,覛,覜,覟,覠,覥,覰,覴,覵,覶,覷,覼,視",36
radical,155,Radical 155,"赫,赦,赤,赧,赭,赥,赩,赬,赮",9
radical,159,Radical 159,"較,轄,軌,輝,轡,軍,軽,軒,轟,載,軸,車,輯,轍,転,軟,輩,輔,輸,輿,輪,軋,軛,軣,軼,軻,軫,軾,輊,輅,輕,輒,輙,輓,輜,輟,輛,輌,輦,輳,輻,輹,轅,轂,輾,轌,轉,轆,轎,轗,轜,轢,轣,轤,軏,軑,軔,軜,軨,軮,軰,軱,軷,軹,軺,軭,輀,輂,輇,輈,輏,輐,輖,輗,輘,輞,輠,輡,輣,輥,輧,輨,輬,輭,輮,輴,輵,輶,輷,輺,轀,轁,轃,轇,轏,轑,轒,轓,轔,轕,轘,轝,轞,轥,𨋳,𨏍,䡄,䡎,輫,轊",110
radical,39,Radical 39,"学,季,孤,孔,孝,子,孜,字,存,孫,孟,孑,孕,孚,孛,孥,孩,孰,孳,孵,學,孺,孱,孒,孖,孞,孨,孮,孯,孼,孽,孾,孿",33
radical,181,Radical 181,"額,顎,頑,顔,願,頚,顕,顧,項,頃,順,須,頗,題,頂,顛,頭,頓,頒,頻,頁,頬,預,頼,領,類,頏,頌,頸,頤,頡,頷,頽,顆,顏,顋,顫,顯,顰,顱,顴,顳,頇,頊,頙,頍,頎,頔,頖,頜,頞,頠,頣,頦,頫,頮,頯,頰,頲,頳,頵,頥,頾,顄,顇,顊,顑,顒,顓,顖,顗,顙,顚,顢,顣,顥,顦,顪,顬,𩒐,䪼,頄,類,頻",84
radical,98,Radical 98,"瓦,甑,瓶,瓧,瓩,瓮,瓲,瓰,瓱,瓸,瓷,甄,甃,甅,甌,甎,甍,甕,甓,瓨,瓪,瓫,瓯,瓴,瓺,瓻,瓼,瓿,甆,甒,甖,甗,𤭖,𤭯,甁",35
radical,14,冖 (わかんむり),"冠,写,冗,冨,冥,冖,冤,冦,冢,冩,冪,冘,冝,冡,冣,㓁",16
radical,49,Radical 49,"巻,己,巷,巽,巴,巳,已,巵,巸,巹,㠯",11
radical,51,Radical 51,"干,幹,幸,年,平,幵,并,幷",8
radical,99,Radical 99,"甘,甚,甜,甞",4
radical,109,目 (め),"看,眼,県,瞬,盾,省,真,睡,相,着,眺,直,瞳,督,眉,瞥,睦,眠,盲,目,瞭,盻,眈,眇,眄,眩,眤,眞,眥,眦,眛,眷,眸,睇,睚,睨,睫,睛,睥,睿,睾,睹,瞎,瞋,瞑,瞠,瞞,瞰,瞶,瞹,瞿,瞼,瞽,瞻,矇,矍,矗,矚,盰,盱,盶,盹,盼,眀,眆,眊,眎,眒,眔,眕,眗,眙,眚,眜,眢,眨,眭,眮,眯,眴,眵,眶,眹,眽,眾,睂,睅,睆,睊,睍,睎,睏,睒,睖,睗,睜,睞,睟,睠,睢,睤,睧,睪,睬,睰,睲,睳,睴,睺,睽,瞀,瞄,瞌,瞍,瞔,瞕,瞖,瞚,瞟,瞢,瞧,瞪,瞮,瞯,瞱,瞵,瞾,矃,矉,矑,矒,矕,矙,𥄢,𥆩,𥇍,𥇥,𥈞,𥉌,䀹,䁘,睘,睼,瞤,瞩",145
radical,121,Radical 121,"缶,缸,缺,罅,罌,罍,罎,罐,缼,缻,缽,缾,缿,罃,罄,罇,罏,䍃",18
radical,137,Radical 137,"艦,舷,航,舟,船,舵,艇,舶,般,舩,舫,舸,舳,艀,艙,艘,艝,艚,艟,艤,艢,艨,艪,艫,舮,舡,舢,舨,舲,舴,舺,艃,艄,艅,艆,艋,艎,艏,艑,艖,艜,艠,艣,艧,艭,𦨞,𦩘,𦪌,𦪷,䑶,䑺,舼,艉,艗",54
radical,178,Radical 178,"韓,韋,韜,韌,韍,韎,韐,韑,韔,韗,韘,韙,韝,韞,韠,韛,韡,韤",18
radical,135,Radical 135,"舘,舌,舒,舍,舐,舖,舏,舓,舔,舙,舚,𦧝,䑛",13
radical,3,丶 (てん),"丸,主,丹,丶,丼",5
radical,50,Radical 50,"希,帰,巾,市,師,常,帥,席,帯,帖,帳,帝,幡,帆,布,幅,幣,帽,幌,幕,帋,帚,帙,帑,帛,帶,帷,幄,幃,幀,幎,幗,幔,幟,幢,幤,幇,帀,帇,帍,帒,帔,帕,帘,帟,帠,帮,帨,帲,帵,帾,幋,幐,幉,幑,幖,幘,幛,幜,幞,幨,幪,幫,幬,幭,幮,幰,𢅻,㠶,㡀,㡜,㡡",72
radical,52,Radical 52,"幾,幻,幽,幼,幺",5
radical,71,Radical 71,"既,无,旡,既",4
radical,74,月 (つき/にくづき),"期,月,朔,朝,朕,服,朋,望,有,朗,朏,朖,朞,朦,朧,朎,朓,朙,朜,朠,朢,𣍲,朒,朗",24
radical,84,Radical 84,"気,气,氛,氤,氣,氙,氟,氦,氧,氨,氬,氮,氳",13
radical,103,Radical 103,"疑,疏,疎,疋,疐,𤴔,疌",7
radical,123,Radical 123,"義,群,羨,美,羊,羌,羔,羞,羝,羚,羣,羯,羲,羹,羮,羶,羸,羋,羍,羏,羐,羑,羖,羗,羜,羡,羢,羦,羪,羭,羴,羼,𦍌",33
radical,202,Radical 202,"黍,黎,黏,黐",4
radical,141,Radical 141,"虐,虚,虞,虎,虜,處,虍,虔,號,虧,虒,虓,虖,虗,虘,虙,虝,虠,虡,虢,虣,虤,虩,虛,虜",25
radical,4,丿 (の),"久,乎,乗,乍,乃,之,乏,丿,乂,乖,乘,乕,乀,乁,乄,乇,乑,𠂉,𠂢,𠂤,㐆,么",22
radical,28,Radical 28,"去,参,厶,參,厷,厸,厺,厽,叀,叅,𠫓",11
radical,48,Radical 48,"巨,工,巧,左,差,巫,巩",7
radical,157,足 (あし),"距,跨,蹴,跡,蹟,践,足,跳,蹄,踏,躍,踊,路,跂,趾,趺,跏,跚,跖,跌,跛,跋,跪,跫,跟,跣,跼,踈,踉,跿,踝,踞,踐,踟,蹂,踵,踰,踴,蹊,蹇,蹉,蹌,蹐,蹈,蹙,蹤,蹠,踪,蹣,蹕,蹶,蹲,蹼,躁,躇,躅,躄,躋,躊,躓,躑,躔,躙,躪,躡,趵,趷,趹,趻,跀,跅,跆,跇,跈,跊,跎,跑,跔,跕,跗,跙,跤,跥,跧,跬,跰,趼,跱,跲,跴,跽,踁,踄,踅,踆,踋,踑,踔,踖,踠,踡,踢,踣,踦,踧,踱,踳,踶,踷,踸,踹,踽,蹀,蹁,蹋,蹍,蹎,蹏,蹔,蹛,蹜,蹝,蹞,蹡,蹢,蹩,蹬,蹭,蹯,蹰,蹱,蹹,蹺,蹻,躂,躃,躉,躐,躒,躕,躚,躛,躝,躞,躢,躧,躩,𧾷,𨂊,𨂻,䟽,䠖,踌,躘",154
radical,117,Radical 117,"競,竣,章,竪,端,童,立,竜,竸,竒,竍,竏,竕,竓,站,竚,竝,竡,竢,竦,竭,竰,竟,竌,竎,竑,竛,竨,竩,竫,竬,竱,竴,竧",34
radical,12,八 (はち),"共,具,兼,公,其,典,八,兵,六,兮,冀,兾,𠔉,㒵,关,养",16
radical,24,Radical 24,"協,午,十,升,千,卒,卓,単,南,博,半,卑,卆,卅,卉,卍,卂,卌,卋,卙,卛,𠥼,𠦝,卑",24
radical,22,Radical 22,"匡,匠,匝,匪,匚,匣,匯,匱,匳,匛,匜,匞,匟,匥,匧,匨,匩,匫,匬,匭,匰,匲,匵,匤",24
radical,111,Radical 111,"矯,矩,短,知,矧,矢,矣,矮,矤,矦,矪,矬,矰,矱,䂓",15
radical,15,冫 (にすい),"凝,冴,准,凄,凋,冬,凍,冶,凌,冷,冫,决,冱,冲,冰,况,冽,凅,凉,凛,凖,凜,冭,冸,冺,冼,冾,冿,凂,凈,减,凑,凒,凓,凕,凘,凞,𠗖,㓇,凃,凊,凞",42
radical,69,Radical 69,"斤,斬,斯,新,斥,断,斧,斫,斷,斦,斮,斲,斳,斴,斵,斸",16
radical,114,Radical 114,"禽,禹,禺,禸,离",5
radical,158,Radical 158,"躯,身,躬,躰,軆,躱,躾,軅,軈,躭,躮,躳,躵,躺,躻,軀,軁,軃,軄,軇,𨉷,𨊂,躶",23
radical,2,丨 (ぼう),"串,中,个,丱,丨,丫,丮,丯,丰,丵,丩",11
radical,25,Radical 25,"卦,占,卜,卞,卡,卣,卥,卧",8
radical,122,Radical 122,"罫,罪,署,置,罵,罰,罷,羅,罹,网,罕,罔,罘,罟,罠,罨,罩,罧,罸,羂,羆,羃,羈,羇,罒,罓,罛,罜,罝,罡,罣,罤,罥,罦,罭,罱,罽,罾,罿,羀,𦉰,𦊆,署",43
radical,143,Radical 143,"血,衆,衄,衂,衁,衃,衅,衈,衉,衊,衋,䘏",12
radical,197,Radical 197,"鹸,鹵,鹹,鹽,鹺,鹻,鹼",7
radical,95,Radical 95,"玄,率,玅,玆",4
radical,63,Radical 63,"戸,所,扇,扉,房,戻,扁,扈,戹,戽,扂,扃,扄,扆,戾",15
radical,207,Radical 207,"鼓,鼕,鼔,鼖,鼗,鼙,鼚,鼛,鼟",9
radical,164,Radical 164,"醐,酵,酷,酸,酌,酒,酋,酬,醜,醇,醤,醸,酢,酔,醒,醍,酎,酉,配,醗,酪,酊,酖,酘,酣,酥,酩,酳,酲,醋,醉,醂,醢,醫,醯,醪,醵,醴,醺,釀,釁,酏,酓,酗,酙,酚,酛,酡,酤,酧,酭,酴,酹,酺,酻,醁,醃,醅,醆,醊,醎,醑,醓,醔,醕,醘,醞,醡,醦,醨,醬,醭,醮,醰,醱,醲,醳,醶,醻,醼,醽,醿,釂,釃,釅,釄",86
radical,20,勹 (つつみがまえ),"勾,勺,匂,包,勿,匁,勹,匆,匈,匍,匐,匏,匀,匃,匊,匋,匌,匑,匓,勻,匇",21
radical,127,Radical 127,"耕,耗,耒,耘,耙,耜,耡,耨,耓,耔,耖,耝,耞,耟,耠,耤,耦,耬,耮,耰",20
radical,125,Radical 125,"考,者,老,耆,耄,耋,耇,耈,耊,耂,者",11
radical,189,Radical 189,"高,髞,髛,髜,䯨",5
radical,152,Radical 152,"豪,象,豚,豫,豕,豢,豬,豗,豘,豛,豝,豙,豣,豤,豦,豨,豩,豭,豳,豵,豶",21
radical,199,Radical 199,"麹,麦,麺,麥,麩,麸,麪,麭,麨,麬,麮,麯,麰,麳,麴,麵,𪎌",17
radical,203,Radical 203,"黒,黛,黙,默,黔,黜,點,黝,黠,黥,黨,黯,黴,黶,黷,黕,黟,黤,黧,黬,黭,黮,黰,黱,黲,黵,黸,𪐷,黑",29
radical,77,Radical 77,"此,歳,止,歯,正,武,歩,歴,歪,歸,歧,歫,歮,歰,歵,步,歬,歷",18
radical,138,Radical 138,"艮,良,艱",3
radical,165,Radical 165,"采,釈,釆,釉,釋",5
radical,67,Radical 67,"斎,斉,斑,斐,斌,文,斈,斊,斒,斕",10
radical,78,Radical 78,"残,死,殊,殉,殖,殆,歹,歿,殀,殄,殃,殍,殘,殕,殞,殤,殪,殫,殯,殲,殱,歽,歾,殂,殅,殗,殛,殟,殠,殢,殣,殨,殩,殬,殭,殮,殰,歺,殁",39
radical,65,Radical 65,"支,攱,攲",3
radical,83,Radical 83,"氏,民,氓,氐,氒",5
radical,133,Radical 133,"至,致,臺,臻,臵,臶,臸,臹,䑓",9
radical,6,亅 (かぎ),"事,争,予,了,亅,亊",6
radical,89,Radical 89,"爾,爽,爻,爼",4
radical,126,Radical 126,"而,耐,耍,耎,耏,耑",6
radical,128,Radical 128,"耳,職,聖,聡,耽,聴,聞,耶,聯,聾,耿,耻,聊,聆,聒,聘,聚,聟,聢,聨,聳,聲,聰,聶,聹,聽,耴,耵,耷,耹,耺,耼,耾,聀,聄,聠,聤,聦,聭,聱,聵,聃,聻",43
radical,132,Radical 132,"自,臭,臫,臬,臰,臱,臲,臭",8
radical,160,Radical 160,"辞,辛,辨,辧,辜,辟,辣,辭,辯,辝,辠,辡,辤,辥,辦,𨐌",16
radical,198,Radical 198,"鹿,麟,麗,麓,麁,麈,麋,麌,麒,麕,麑,麝,麀,麂,麃,麄,麅,麇,麎,麏,麖,麘,麛,麞,麤",25
radical,56,Radical 56,"式,弐,弌,弍,弋,弑,弎",7
radical,87,Radical 87,"爵,爪,爭,爬,爰,爲,爫,爯,爴,爫",10
radical,185,Radical 185,"首,馗,馘",3
radical,43,Radical 43,"就,尤,尢,尨,尣,尦,尩,尫,尬,尮,尰,尲,尵,尶",14
radical,47,Radical 47,"州,巡,川,巣,巛,巠,巤,𡿺,巢",9
radical,166,Radical 166,"重,野,里,量,釐",5
radical,129,Radical 129,"粛,肇,聿,肄,肆,肅,肁,肈",8
radical,136,Radical 136,"舜,舛,舞,舝",4
radical,42,Radical 42,"小,少,尚,尖,尓,尠,尗,尞,尟,尒",10
radical,161,Radical 161,"辱,辰,農,辴",4
radical,146,Radical 146,"西,覇,覆,要,襾,覃,覈,覊,覉,覀",10
radical,174,Radical 174,"青,静,靖,靜,靕,靗,靘,靚,靛",9
radical,11,入 (いる),"全,入,兩,兪,兦",5
radical,208,Radical 208,"鼠,鼡,鼬,鼢,鼦,鼪,鼫,鼯,鼱,鼲,鼴,鼷,鼹,鼺",14
radical,150,Radical 150,"谷,谺,豁,谿,谸,谹,谽,谾,豅,𧮳,𧮾,𧯇",12
radical,91,Radical 91,"牒,牌,版,片,牋,牘,牎,牏,牐,牓,牕,牖,牗",13
radical,168,Radical 168,"長,镸,镹,镾",4
radical,206,Radical 206,"鼎,鼏,鼐,鼑,鼒",5
radical,105,Radical 105,"登,発,癶,癸,發",5
radical,58,Radical 58,"当,彝,彜,彑,彖,彗,彙,彐,彔,彘,彛,彠",12
radical,151,Radical 151,"豆,豊,豈,豌,豎,豐,豇,豉,豋,豏,豑,豓,豔",13
radical,80,Radical 80,"毒,母,毎,毋,毓,毌,每",7
radical,45,Radical 45,"屯,屮,屰,屮",4
radical,55,Radical 55,"廿,弊,弁,弄,廾,弃,弉,异,弆,弇,弈,开",12
radical,179,Radical 179,"韮,韭,韲,韯,韱",5
radical,190,Radical 190,"髪,髭,髟,髢,髣,髦,髯,髫,髮,髴,髱,髷,髻,鬆,鬘,鬚,鬟,鬢,鬣,髠,髤,髥,髧,髩,髬,髲,髳,髵,髹,髺,髽,髿,鬀,鬁,鬂,鬃,鬄,鬅,鬈,鬉,鬋,鬌,鬍,鬎,鬐,鬒,鬖,鬙,鬛,鬜,鬠",51
radical,81,Radical 81,"比,毘,毖,毚,毗",5
radical,107,Radical 107,"皮,皰,皴,皸,皹,皺,皷,皽,皯,皶",10
radical,175,Radical 175,"非,靠,靡",3
radical,183,Radical 183,"飛,飜",2
radical,209,Radical 209,"鼻,鼾,鼼,鼽,鼿,齁,齃,齄,齅,齆,齇",11
radical,153,Radical 153,"豹,貌,豸,豺,貂,貉,貅,貊,貍,貎,貔,豼,貘,豻,豾,貆,貇,貋,貐,貒,貓,貙,貛,貜,𧲸,䝤",26
radical,88,Radical 88,"父,爺,爸,爹",4
radical,182,Radical 182,"風,颪,颯,颱,颶,飄,飃,飆,颫,颭,颮,颰,颴,颷,颸,颺,颻,颿,飂,飅,飈,飌,𩗏,颼,飇,飋",26
radical,34,Radical 34,"変,夂,夅,夆",4
radical,101,Radical 101,"甫,用,甬,甩,甪,甯",6
radical,200,Radical 200,"麻,麿,麼,麾,麽",5
radical,110,Radical 110,"矛,矜,矞,矟,矠",5
radical,176,Radical 176,"面,靤,靦,靨,靣,靧",6
radical,82,Radical 82,"毛,毟,毬,毫,毳,毯,氈,毡,毣,毦,毧,毮,毱,毷,毹,毿,氂,氄,氅,氉,氍,氎,氊",23
radical,212,Radical 212,"龍,龕,龏,龐,龑,龒,龔,龖,龗",9
radical,171,Radical 171,"隷,隶,隸",3
radical,211,Radical 211,"齢,齒,齔,齣,齟,齠,齡,齦,齧,齬,齪,齷,齲,齶,齓,齕,齖,齗,齘,齚,齝,齞,齨,齩,齭,齮,齯,齰,齱,齳,齵,齺,齽,𪗱,𪘂,𪘚",36
radical,192,Radical 192,"鬱,鬯",2
radical,90,Radical 90,"爿,牀,牆,牁,牂,牃,牅,丬",8
radical,210,Radical 210,"齋,齎,齏,齊",4
radical,193,Radical 193,"鬻,鬲,鬳,鬴,鬵,鬷,鬹,鬺",8
radical,191,Radical 191,"鬥,鬧,鬨,鬩,鬪,鬮,鬦,鬫,鬭,䰗",10
radical,204,Radical 204,"黹,黻,黼",3
radical,205,Radical 205,"黽,鼇,鼈,黿,鼂,鼃,鼉,䵷",8
radical,213,Radical 213,"龜,龞,𪚲",3
radical,214,Radical 214,"龠,龡,龢,龣,龥",5
onyomi,ア,音読み: ア,"亜,唖,娃,阿,蛙,亞,哇,婀,痾,襾,錏,閼,鴉,丫,啊,啞,婭,屙,氬,疴,瘂,鈳,鵶",23
onyomi,アイ,音読み: アイ,"哀,愛,挨,埃,曖,欸,瞹,穢,藹,隘,靄,靉,鞋,伌,僾,劸,噯,塧,壒,嬡,徍,昹,洼,璦,皧,薆,鞵,鱫",28
onyomi,オウ,音読み: オウ,"姶,凹,央,奥,往,応,押,旺,横,欧,殴,王,翁,襖,鴬,鴎,鴨,桜,嘔,嚶,墺,奧,媼,尢,徃,怏,懊,應,拗,枉,櫻,歐,殃,毆,汪,泱,泓,澳,狎,瓮,甌,甕,秧,罌,蓊,謳,鏖,鞅,鴦,鶯,傟,咉,唈,坱,坳,堭,塕,塸,奣,尣,尩,尫,嵡,嶴,彺,愰,暀,滃,漚,澚,瀇,熰,狕,猇,瓯,甖,盎,盦,砵,罃,芺,蘡,虓,裛,軮,迋,隩,靿,鷗,齆,橫",91
onyomi,ホウ,音読み: ホウ,"逢,蔀,棚,鴇,倣,俸,包,呆,報,奉,宝,峰,峯,崩,庖,抱,捧,放,方,朋,法,泡,烹,砲,縫,胞,芳,萌,蓬,蜂,褒,訪,豊,邦,鋒,飽,鳳,鵬,勹,匚,咆,垉,堋,寶,寳,幇,弸,彭,彷,怦,抔,抛,枋,泙,滂,澎,炮,烽,焙,琺,疱,皰,硼,篷,絣,繃,舫,苞,萠,葆,蚫,袍,裹,襃,豐,迸,鉋,靤,髣,髱,魴,麭,丰,仿,伻,佱,倗,傰,刨,勏,唪,嘐,夆,婄,宲,寚,嵭,帮,幫,徬,抨,拼,捊,掊,掽,搒,摓,昉,桻,梆,梈,棓,椖,汸,淎,湗,漰,灋,炰,熢,牓,犎,琫,瓿,疺,眆,砰,碰,祊,笣,篈,綁,綳,胮,脬,膖,芃,菶,葑,虢,虣,蜯,螃,蟚,蠭,裒,褜,賲,跑,跰,輣,逄,逬,邎,邡,鄷,鈁,鎊,閍,雱,韸,餢,髈,鬅,鮩,鴋,麃,麅,龐",169
onyomi,キ,音読み: キ,"葵,磯,窺,企,危,喜,器,基,奇,嬉,寄,岐,希,幾,忌,揮,机,旗,既,期,棋,棄,機,帰,毅,気,汽,畿,祈,季,稀,紀,徽,規,記,貴,起,軌,輝,飢,騎,鬼,亀,祁,崎,埼,碕,其,槻,肌,姫,鰭,鮪,箕,僖,冀,几,剞,匯,匱,卉,唏,喟,噐,圻,毀,竒,屓,嵜,弃,悸,愧,憙,掎,揆,旡,晞,暉,曁,朞,枳,棊,橲,櫃,欷,歸,麾,气,氣,淇,煕,熈,熹,燬,畸,癸,皈,瞶,祺,禧,稘,簣,籏,綺,羈,羇,耆,虧,覊,覬,詭,諱,譏,跂,跪,逵,餽,饋,饑,馗,騏,驥,麒,龜,熙,丌,佹,倛,僟,兾,凞,剘,匭,呮,嘰,嘻,嚱,垝,墍,夔,虁,夡,娭,媐,媿,嬀,宄,屭,屺,嵟,巇,巋,巙,幑,庋,庪,忯,恑,悕,惎,憘,戣,撝,攱,敧,旂,晷,暿,樻,檱,歖,歧,氿,洎,滊,潙,炁,煇,熺,猤,玘,琦,琪,璣,眭,睎,睢,禨,穖,簋,簱,綦,繥,翬,聭,芑,芔,芪,芰,萁,蔇,蘄,蘎,蘒,虺,蚑,蚚,蜞,蟢,蟣,衹,覉,觭,誋,誒,諆,譆,譭,豨,跬,跽,踑,踦,蹞,鄈,鈘,錡,錤,鐖,闚,陒,隳,鞼,鞿,頍,頎,餼,騤,鬐,鬹,魌,魕,麂,齮,呬,攲,﨑,凞,器,既,祈",251
onyomi,セン,音読み: セン,"茜,釧,蝉,仙,先,千,占,宣,専,尖,川,戦,扇,栓,泉,浅,洗,染,潜,煎,煽,旋,穿,箭,線,繊,羨,腺,船,薦,詮,賎,践,選,遷,銭,銑,閃,鮮,揃,苫,仟,倩,僉,僊,剪,吮,嬋,孅,專,尠,孱,巛,戔,戰,擅,擶,旃,暹,栫,殲,殱,氈,沾,涎,淺,湶,潺,潛,濳,濺,燹,牋,甎,疝,痊,癬,瞻,磚,笘,筌,筅,箋,簽,籤,籖,綫,纖,纎,羶,翦,舩,芟,荐,蘚,蟾,賤,贍,跣,踐,銓,銛,錢,鐫,闡,阡,陝,霰,韆,顫,餞,饌,佺,侟,偂,傓,僎,僐,僢,儃,冿,厃,叀,唌,圌,埏,塼,墠,墡,妗,嫥,嬗,孨,尟,幨,惉,憸,戩,拪,拴,揎,攙,棈,樿,櫤,櫼,毡,氙,洊,渲,湔,漩,澶,灊,熌,燀,牮,牷,獮,琁,瑄,璇,璿,痁,睒,碊,秈,竱,箲,籑,籛,籼,綪,繟,羴,脠,腨,膞,臶,芊,荃,葏,葥,蒨,蔪,蔳,薝,蟤,蟺,裧,襜,襳,詹,諓,謆,譂,譔,譣,谸,跧,踹,躚,輇,迁,遄,鄯,鋋,鋟,鏇,鐉,鐱,鑯,韉,韯,韱,顓,颭,颴,饍,饘,騸,鬋,鬵,鱄,鱓,鱔,鱻,鸇,蟬",229
onyomi,シュウ,音読み: シュウ,"穐,鰍,囚,収,周,宗,就,州,修,愁,拾,洲,秀,秋,終,繍,習,臭,舟,蒐,衆,襲,讐,輯,週,酋,酬,集,醜,厨,袖,楢,萩,葺,鷲,售,啾,廚,愀,慴,收,楸,楫,泅,湫,甃,皺,龝,綉,緝,羞,聚,脩,菷,蒭,蓚,螽,讎,遒,逎,鏥,鞦,駲,驟,俢,僦,儵,卌,娀,崧,廋,戢,揪,搊,槢,橱,檝,歮,歰,殠,滫,潗,濈,犨,琇,璹,眾,簉,糔,緅,縐,繡,膄,臰,臹,艏,茺,蓻,蕺,蝤,螋,褎,褏,詶,諿,譅,賙,輖,鄹,酧,醔,醻,鎀,鏅,鏉,鏽,饈,騶,魗,鰽,鱃,鶖,齺,亼,咠,祝,臭",127
onyomi,アク,音読み: アク,"悪,握,渥,堊,幄,惡,齷,偓,呃,喔,戹,搤,韄",13
onyomi,キョク,音読み: キョク,"旭,局,曲,極,亟,勗,棘,洫,蕀,跼,髷,伵,侐,侷,挶,檋,殛,焏,筁,衋,赩,輂,頊",23
onyomi,イ,音読み: イ,"葦,飴,以,伊,位,依,偉,囲,夷,委,威,尉,惟,意,慰,椅,為,畏,異,移,維,緯,胃,萎,衣,謂,違,遺,医,詑,倚,噫,囗,圍,已,帷,幃,彝,彜,彙,怡,恚,懿,欹,洟,渭,熨,爲,猗,痍,痿,矣,縊,肄,苡,蝟,詒,貽,逶,醫,韋,頤,饐,鰄,乁,匜,叞,吚,咦,咿,喂,圯,壝,媙,崣,巸,异,弬,彛,徫,悘,愇,扆,攺,旖,暐,枱,柂,椸,楲,毉,洧,湋,漪,濰,煒,犄,猬,珆,瑋,痏,磈,禕,簃,緭,羡,胰,芛,苢,荽,葳,蔿,蛜,蜲,蜼,螠,螱,袘,褘,貤,迆,迤,迻,酏,鉯,銥,鐿,闈,霨,韑,韙,韡,頥,顊,骪,鮧,鮷,鯷,鷧,鷾",140
onyomi,ロ,音読み: ロ,"芦,鷺,櫨,蕗,呂,魯,櫓,炉,賂,路,露,廬,枦,梠,櫚,滷,濾,瀘,爐,盧,粐,絽,臚,艢,艪,艫,舮,蘆,褸,輅,轤,鑢,鑪,鈩,顱,驢,髏,鱸,鹵,嚕,嚧,壚,潞,獹,璐,瓐,矑,磠,簬,籚,纑,罏,艣,虂,馿,髗,鴼,鸕,黸,魲",60
onyomi,ソウ,音読み: ソウ,"鯵,扱,竃,繰,桑,甑,噌,曾,曽,僧,創,双,叢,倉,喪,壮,奏,爽,宋,層,惣,想,捜,掃,挿,掻,操,早,曹,巣,槍,槽,漕,燥,争,痩,相,窓,総,綜,聡,草,荘,葬,蒼,藻,装,走,送,遭,鎗,霜,騒,蛸,爪,葱,蚤,箱,湊,薮,偬,剏,剿,勦,匆,卅,雙,叟,嗽,噪,壯,妝,嫂,孀,崢,帚,怱,愡,愴,懆,找,抓,搜,掫,插,搶,棗,樔,歃,淙,滄,漱,澡,炒,爭,瘡,稍,窗,竈,笊,箒,箏,筝,籔,粽,總,聰,艙,艚,艸,莊,藪,裝,諍,譟,贓,賍,赱,蹌,踪,躁,輳,錚,鏘,騷,髞,鰺,仯,倊,倧,傁,傯,凈,凑,刅,刱,匨,唕,啑,喿,嗓,嘈,噆,囱,埽,塟,娤,孮,嵕,嵢,嶈,帀,弰,徖,忩,悤,悰,慅,憁,戧,捎,掙,揔,搔,摠,撡,擻,曺,枛,枽,桒,楤,楱,樷,橧,欆,欉,殅,氉,泩,涑,潨,灶,焋,牂,牎,牐,牕,猙,琤,琮,璁,璅,璪,瘙,瘦,皁,眨,瞍,矰,磉,磳,礵,稯,窻,窼,筲,箑,篵,糉,糙,糚,緫,緵,繅,罾,翣,耖,聦,腠,臊,臿,艄,艭,莦,葼,蓯,蔥,藂,螬,觘,訬,謅,譄,豵,賨,蹭,迊,鈒,鉎,銺,錝,鍐,鍤,鍯,鏓,靸,韴,顙,馺,駔,騌,騣,驄,髒,鬃,鬉,鬙,鬷,鯫,鶬,鷞,崝,巢,揷,僧,層,屮,艹,贈",270
onyomi,シ,音読み: シ,"梓,茨,柿,此,匙,仕,仔,伺,使,刺,司,史,嗣,四,士,始,姉,姿,子,屍,市,師,志,思,指,支,孜,斯,施,旨,枝,止,死,氏,獅,祉,私,糸,紙,紫,肢,脂,至,視,詞,詩,試,誌,諮,資,賜,雌,飼,歯,蒔,芝,只,漬,砥,之,覗,髭,巳,矢,侈,俟,卮,厠,厮,厶,呰,咨,咫,啻,嗜,嗤,嘴,址,塒,尸,屎,妛,巵,帋,幟,廁,廝,弑,徙,恣,揣,摯,朿,梔,沚,泗,滓,熾,瓷,疵,痣,祀,祠,祗,竢,笶,篩,粢,絲,緇,縒,翅,耜,肆,舐,茲,葹,蓍,蚩,觜,豕,貲,贄,趾,趺,輜,釶,錙,阯,駟,駛,鮨,鯔,鰤,鴟,鵄,齒,乨,亖,佌,佽,倳,兕,兘,凘,剚,劧,厎,叓,吱,呞,呩,哆,嗞,姊,姒,娰,媞,媸,孖,宩,寘,屣,忮,恀,恉,恖,扺,揓,搘,旘,枲,柹,柶,榯,汜,涘,淄,湽,溮,澌,濨,牸,玆,甆,甾,眎,眵,礻,禌,禔,禩,秄,秖,秭,稵,笫,簁,簛,籭,籽,糍,糦,絁,緦,纚,翨,耔,胏,胔,胾,舓,芷,茈,茊,茋,茡,茬,莿,菑,葈,葘,蒒,蓰,薋,薾,虒,螄,螅,螆,蟖,褆,覟,觗,觶,訑,訾,誃,諟,諰,豉,趑,趦,蹝,躧,軹,輺,釃,鈰,鈶,鉂,鉃,鉇,鉰,鉹,鋅,鋕,鍿,鎡,鐁,頾,颸,餈,饎,骴,魳,鰣,鰦,鳲,鳷,鴜,鴲,鶿,鷥,鼒,視",276
onyomi,アツ,音読み: アツ,"圧,斡,壓,軋,遏,劜,咹,嗗,圠,挖,穵,胺,錷,頞",14
onyomi,エン,音読み: エン,"宛,厭,円,園,堰,奄,宴,延,怨,掩,援,沿,演,炎,焔,煙,燕,猿,縁,艶,苑,薗,遠,鉛,鴛,塩,俺,垣,鳶,媛,淵,偃,冤,嚥,圓,娟,婉,嫣,寃,悁,捐,掾,檐,櫞,衍,淹,渕,渊,湲,烟,焉,爰,筵,篶,簷,臙,艷,茆,莚,蜒,蜿,袁,讌,豌,轅,鋺,閻,閹,魘,鹽,乵,倇,偣,兗,剡,剦,匽,厴,啘,囦,夵,崦,弇,懕,掞,揜,昖,晼,棪,椻,檿,沇,洹,涴,灔,灎,焰,焱,燄,爓,猒,猨,琬,琰,瑗,畹,睊,綖,縯,菀,菸,蔫,蜎,蜓,蝘,蝝,蝯,裷,豓,豔,踠,郾,鄢,酓,醃,醼,鈆,阽,隁,饜,鰋,鵷,鷰,黤,黭,鼴,鼹,龑,灩,緣",140
onyomi,ソ,音読み: ソ,"姐,塑,岨,措,楚,狙,疏,疎,礎,祖,租,粗,素,組,蘇,訴,阻,遡,鼠,俎,咀,囎,徂,愬,梳,泝,沮,溯,爼,甦,疽,砠,祚,胙,苴,蔬,蘓,蛆,詛,踈,酥,麁,鼡,齟,傃,嗉,囌,塐,愫,榡,殂,穌,膆,蒩,覰,覷,觕,阼,靻,麄,麤,祖",62
onyomi,ボウ,音読み: ボウ,"虻,卯,茅,畝,乏,亡,傍,剖,坊,妨,帽,忘,忙,房,暴,望,某,棒,冒,紡,肪,膨,謀,貌,貿,鉾,防,牟,儚,夘,厖,尨,惘,懋,旁,旄,楙,榜,氓,甍,畆,皃,眸,磅,耄,冐,膀,芒,茫,莽,蒡,蚌,蠎,蟒,袤,謗,鋩,髦,鴾,黽,侔,兦,冃,冡,劺,吂,媢,幪,庬,恈,恾,愗,懜,懞,朢,毷,汒,泖,漭,牻,犛,畒,畞,眊,瞢,矒,礞,緢,艋,芼,莔,莾,蛑,蛧,蝥,蝱,蟊,蟱,蠓,誷,輞,邙,鄮,釯,鉧,鍪,饛,駹,髳,麰",110
onyomi,ケン,音読み: ケン,"絢,鰹,萱,件,倹,倦,健,兼,券,剣,喧,圏,堅,嫌,建,憲,懸,拳,捲,検,権,牽,犬,献,研,硯,絹,県,肩,見,謙,賢,軒,遣,鍵,険,顕,験,鹸,狽,繭,俔,儉,劍,劔,劒,剱,劵,圈,妍,嶮,惓,愆,愃,慊,慳,搴,暄,椦,權,檢,歉,涓,狷,獻,甄,眷,瞼,筧,綣,縣,羂,腱,臉,蒹,虔,蜆,蜷,諠,謇,譴,豢,蹇,釼,鉗,鉉,險,顯,顴,騫,驗,鵑,黔,仚,仱,傔,儇,儙,勌,勬,咺,哯,嗛,囝,塤,壎,奆,嬛,岒,峴,嵰,幰,弮,弿,徤,忺,悓,慻,懁,掮,揅,揵,攓,旔,昍,昡,晅,晛,杴,桊,梘,棬,楗,楥,楦,泫,汧,瀗,炫,烜,煊,犍,獧,獫,玁,玹,琄,甽,畎,眴,睍,睠,碱,礆,祆,箞,絸,縑,繯,繾,罥,翾,胘,膁,芡,蕿,藼,蘐,蚿,蚈,螧,蠉,蠒,蠲,袨,褰,襺,詃,諼,譞,豣,贒,贗,趼,踡,邅,鄄,鈐,鋗,鋧,鋻,錈,鞙,鞬,韅,飦,馦,駽,騐,鬈,鬳,鰜,鳹,鶱,鶼,鹼,姸,硏",208
onyomi,リン,音読み: リン,"綾,倫,厘,林,淋,燐,琳,臨,輪,隣,鱗,麟,侖,凛,吝,廩,悋,懍,棆,淪,痳,稟,禀,綸,罧,菻,藺,躙,躪,鄰,霖,凜,僯,厸,圇,寽,嶙,恡,撛,斴,橉,檁,潾,澟,璘,瞵,磷,箖,粦,粼,轔,轥,遴,錀,鏻,驎",56
onyomi,デン,音読み: デン,"鮎,伝,殿,澱,田,電,甸,畋,沺,癜,臀,鈿,帇,淰,秥,臋,跈",17
onyomi,ワク,音読み: ワク,"或,惑,蠖,彠,矱,篗,籆,籰,艧,蒦,雘",11
onyomi,ゾク,音読み: ゾク,"粟,俗,属,賊,族,続,嗾,屬,簇,續,蔟,賡",12
onyomi,コウ,音読み: コウ,"袷,黄,岡,鈎,恰,噛,亨,興,桁,交,侯,候,倖,光,公,功,効,勾,厚,口,向,后,喉,坑,垢,好,孔,孝,宏,工,巧,巷,幸,広,庚,康,弘,恒,慌,抗,拘,控,攻,昂,晃,更,杭,校,梗,構,江,洪,浩,港,溝,甲,皇,硬,稿,糠,紅,紘,絞,綱,耕,考,肯,肱,腔,膏,航,荒,行,衡,講,貢,購,郊,酵,鉱,砿,鋼,閤,降,項,香,高,鴻,劫,壕,肴,皐,鮫,縞,尻,糟,叩,虹,蛤,釦,幌,岬,亙,亘,藁,亢,伉,佝,倥,傚,冓,冦,凰,刧,匣,吽,吭,吼,呷,咬,哄,哽,哮,嚆,嚮,堽,壙,媾,嫦,寇,岫,峇,崗,廣,徨,恆,恍,惶,慷,扣,扛,搆,攷,效,敲,杲,昊,昴,晄,晧,曠,昿,杠,栲,棡,椌,槁,槓,槹,汞,洽,洸,浤,淆,湟,溘,滉,滬,烋,煌,爻,犒,狡,猴,皋,皓,盍,盒,睾,矼,礦,磽,稾,窖,篁,篝,簧,粳,絋,絳,絖,絎,纐,缸,羔,羹,羮,耿,肛,肓,胛,胯,胱,膠,苟,蒿,薨,號,蚣,蛟,蝗,覯,訌,詬,誥,軣,逅,遘,鉤,鍠,鎬,鏗,鑛,閘,閧,闔,隍,靠,頏,餝,鬨,鰉,鱇,鵁,鴿,鵺,黌,丂,佮,侊,侾,俲,倄,偟,傐,儣,兤,劥,劶,匌,匟,厷,叝,呍,哠,哼,喤,嗃,嗑,嘷,嚙,囥,垙,垕,垬,堈,堠,墝,夅,夯,夰,奛,奟,姣,姤,姮,姯,媓,宖,宯,宺,宼,岣,岲,崆,嵪,嵺,嶸,庨,彀,彄,忼,悎,悾,懬,懭,挍,挭,掐,掯,揈,搞,摳,撽,擤,昦,晎,暠,暤,暭,曂,构,柙,栙,栳,桄,楻,榥,榼,櫜,殽,汯,沆,沟,洚,洨,淏,渹,滈,漖,潢,澋,澒,澔,灝,灮,炕,炗,烘,烤,烺,煹,熿,牨,牼,獷,玜,玽,珓,珩,瑝,璜,瓨,瘊,癀,皜,皝,皥,睺,瞌,矦,硄,硜,硡,硣,硤,碽,磺,祫,秏,秔,稉,穅,竑,笱,筕,筪,篊,篙,簄,簆,粇,粠,糇,糕,紭,絚,綆,綋,緪,緱,縨,纊,罡,翃,翈,翺,耇,耈,耠,耾,肎,胶,舡,舺,艎,芁,芤,茳,荇,莄,莕,葒,蓈,蔲,蕻,薅,薧,藳,蘅,虠,蠔,衁,衖,裌,褠,觥,訇,訽,詥,誙,誟,諕,謊,譹,谹,谾,豇,賋,贛,跤,跲,輷,轇,迒,郃,郈,郜,郟,鄗,鄺,醘,釭,鈜,鉀,鉷,鉸,鉿,銗,銧,鋐,鍞,鍧,鍭,鎤,鐄,鑅,閌,閎,阬,雊,鞚,鞲,韐,韝,顥,餚,餱,餻,骯,骹,骾,髐,髛,鯁,鯸,鰪,鱟,鴴,鵊,鵼,鶊,鷇,黆,黋,鼛,齁,齩,僙,黃,練",501
onyomi,アン,音読み: アン,"安,庵,按,暗,案,闇,鞍,晏,罨,菴,諳,餡,鮟,黯,黶,侒,匼,唵,妟,姲,晻,氨,葊,銨,鴳,鵪,鶕,鷃,馣",29
onyomi,キョウ,音読み: キョウ,"杏,橿,叶,享,京,供,侠,僑,兇,競,共,凶,協,匡,叫,喬,境,峡,強,彊,怯,恐,恭,挟,教,橋,況,狂,狭,矯,胸,脅,蕎,郷,鏡,響,饗,驚,佼,匝,頬,脇,亰,僵,兢,竸,冂,况,匈,夾,姜,嬌,峽,廾,徼,恟,恊,抂,拱,挾,曉,框,梟,橇,洶,狹,畊,疆,皎,竅,筐,筺,筴,篋,繦,羌,莢,薑,蛩,蛬,襁,誑,跫,轎,鋏,陜,鞏,竟,驕,亯,俠,儌,冋,冾,刼,劦,劻,勥,勰,匓,匧,匩,卬,卭,响,嗋,嘵,噭,塨,嵹,嶠,巩,弜,怳,恇,恔,愜,愶,憍,拲,撟,撬,敽,晑,曏,极,枵,栱,梜,槗,歊,殭,汹,澃,獍,珙,珦,畺,疅,皛,皢,皦,眶,砝,筇,簥,繮,羗,脋,膮,臫,荍,蔃,薌,藠,蛺,蜐,蜣,蟜,蠁,衱,詗,詾,誆,貺,趫,趬,蹺,蹻,軭,逛,邛,鄥,銎,鏹,鐈,陿,韁,頰,髜,魥,鱎,鱜,鵟,鷮,麘,龏,龔,鄕,響",190
onyomi,エキ,音読み: エキ,"易,液,疫,益,駅,亦,奕,懌,掖,繹,腋,蜴,蝪,謚,諡,驛,鯣,嗌,圛,埸,嶧,帟,弈,斁,晹,曎,棭,歝,痬,睪,豛,醳",32
onyomi,セイ,音読み: セイ,"井,甥,鯖,省,鉦,世,凄,制,勢,姓,征,性,成,政,整,星,晴,棲,栖,正,清,牲,生,盛,精,聖,声,製,西,誠,誓,請,逝,醒,青,静,斉,栴,瀞,婿,貰,靖,儕,丗,嘶,壻,悽,惺,掣,撕,擠,旌,晟,晢,淒,睛,穽,筬,聟,聲,腥,臍,萋,菁,薺,蜻,齎,躋,霽,靜,齏,韲,齊,亝,佂,偗,卋,卥,嚌,圊,垩,夝,妌,姃,娍,婧,宑,宬,帨,徰,怔,捿,斊,晠,暒,栬,樨,泚,泲,涗,淛,渻,漈,澨,煋,狾,猘,玼,珹,瑆,甠,瘛,皨,眚,睜,睲,硒,穄,穧,竫,箐,箵,篂,粞,紪,脃,脺,荿,萕,蔧,虀,蠐,裞,謭,譾,貹,賷,迣,郕,釮,鋮,阱,隮,靘,靚,騂,鮆,鮏,鯯,鯹,鰶,鶄,鼪,鼱,凊",155
onyomi,ガイ,音読み: ガイ,"亥,凱,劾,外,害,崖,慨,概,涯,碍,蓋,街,該,骸,刈,苅,乂,剴,啀,垓,孩,乢,崕,崔,愾,榿,漑,皚,盖,睚,磑,礙,葢,駭,厓,哎,嘊,奒,姟,峗,懝,捱,桅,氦,漄,獃,頠,騃,槪,慨",50
onyomi,イク,音読み: イク,"育,郁,粥,毓,礇,鬻,俼,哊,堉,彧,昱,栯,淯,煜,薁,蘛,蜟,逳,錥",19
onyomi,イチ,音読み: イチ,"一,壱,弌,壹,聿",5
onyomi,イツ,音読み: イツ,"溢,逸,揖,佚,噎,軼,鎰,鴪,鷸,佾,泆,燚,矞,茟,遹,釔,銉,霱,鱊,鳦",20
onyomi,トウ,音読み: トウ,"稲,吋,兜,桐,沓,逗,登,倒,党,冬,凍,刀,唐,塔,塘,套,宕,島,嶋,悼,投,搭,東,桃,梼,棟,盗,淘,湯,涛,灯,燈,当,痘,祷,等,答,筒,糖,統,到,董,蕩,藤,討,謄,豆,踏,逃,透,鐙,陶,頭,騰,闘,樋,亠,僮,儻,剳,叨,嶌,嶝,帑,幢,掏,掉,掟,搗,搨,撓,擣,朷,档,檮,棹,棠,榻,橙,櫂,盜,濤,淌,滔,滕,溏,當,疼,盪,蘯,磴,礑,稻,竇,箚,籐,籘,粡,綯,縢,纛,罩,苳,荅,荳,螳,蟷,襠,譫,蹈,迯,酘,釖,陦,鞜,鞳,韜,饕,骰,鬧,鬪,鶇,鶫,黨,鼕,伖,佟,侗,倲,偒,傏,僜,儯,凳,刂,匋,咅,咮,啁,嗒,噔,噡,噵,垌,塌,墖,墱,壔,婾,嬁,峒,峝,嶹,幐,弢,彤,忉,愓,憃,懂,戃,戇,搪,搯,摚,撘,擋,攩,曈,朾,梪,棖,樁,橕,橖,櫈,洮,涷,湞,溻,漛,漯,潒,烔,燙,燾,牚,獞,瑫,瑭,璒,璫,畗,痌,瘩,眔,眮,瞪,碭,祹,禱,秱,穜,筩,箽,篖,篼,簦,簹,紏,絧,綂,缿,翿,耷,脰,膅,膛,艠,茼,菪,蓪,蕫,蝀,螗,螣,衕,衜,衟,覴,詜,詷,誻,謟,譶,讜,豋,趟,踔,蹋,蹬,蹹,躢,躺,軇,轁,迵,逿,遝,遢,鄧,鈄,鉵,鋀,鋥,錔,鎕,鏜,闒,陡,隚,隝,隥,隯,鞀,鞉,鞱,鞺,餖,餳,餹,饀,駧,鬦,鬭,魛,鮦,鯟,鰧,鵫,黈,鼗,鼟,龖,哃,噇,崠",287
onyomi,ウ,音読み: ウ,"芋,右,宇,烏,羽,迂,雨,胡,于,嗚,嫗,挧,桙,燠,盂,禹,紆,偊,圩,扜,杅,玗,瑀,竽,虶,邘,鄅,釪,雩,骬",30
onyomi,イン,音読み: イン,"允,印,咽,員,因,姻,引,飲,淫,胤,蔭,院,陰,隠,韻,寅,堙,婬,尹,廴,恁,慇,飮,殞,殷,氤,湮,茵,贇,隕,隱,霪,韵,鸚,乚,侌,傊,冘,匀,喑,囙,夤,奫,婣,廕,愔,昀,檃,櫽,洇,狁,畇,瘖,癊,癮,磒,磤,禋,筠,絪,縜,胭,螾,蟫,裀,讔,鈝,鋆,闉,阥,隂,霣,靷,頵,駰,勻",76
onyomi,テイ,音読み: テイ,"鵜,綴,亭,低,停,偵,剃,貞,呈,堤,定,帝,底,庭,廷,弟,悌,抵,提,梯,汀,碇,禎,程,締,艇,訂,諦,蹄,逓,邸,鄭,釘,鼎,薙,叮,啼,嚔,嚏,姨,幀,柢,棣,楴,涕,渟,牴,疔,睇,蒂,蔕,蟶,觝,詆,逞,遉,遞,酊,酲,霆,騁,髢,仃,仾,侹,偙,傺,僀,叕,呧,嗁,圢,埕,埞,奃,奵,娣,婷,媜,屜,屧,崹,嵿,弤,彘,怟,慸,揁,揥,晸,杕,桯,椗,楨,檉,殢,氐,泜,浧,渧,玎,珵,珽,璏,矴,碲,禘,稊,筳,綈,緹,罤,耓,耵,聤,苐,荑,莛,葶,蝃,螮,袛,裎,赬,踅,踶,蹏,軑,遰,釱,銻,鋌,鍉,鍗,鐟,阷,隄,靗,靪,鞮,頲,頳,飣,騠,骶,鬀,鬄,鯳,鴺,鶗,鷉,鼑,娗,屟,禎",155
onyomi,チュウ,音読み: チュウ,"丑,沖,中,仲,宙,忠,抽,昼,柱,注,虫,衷,註,酎,鋳,駐,紬,肘,紐,儔,冑,冲,惆,晝,狆,疇,畴,稠,籌,籀,紂,綢,胄,蟲,誅,躊,鈕,鍮,鑄,丒,丟,伷,嚋,妕,妯,幬,忡,杻,椆,瘳,盅,矪,籒,縶,翀,茽,葤,裯,譸,蹰,躕,輈,釞,鈾,馽,鵃,种",67
onyomi,カク,音読み: カク,"碓,劃,嚇,各,廓,拡,撹,格,核,殻,獲,確,穫,覚,角,赫,較,郭,閣,隔,革,掴,鶴,塙,喀,咯,埆,幗,恪,愨,挌,攪,擱,擴,攫,桷,椁,槨,殼,狢,癨,矍,硅,膈,膕,茖,覈,覺,貉,钁,霍,馘,駮,骼,鬲,鷽,咟,嚄,嚝,壳,彍,愙,挄,捁,捔,搉,搿,摑,攉,斠,榷,槅,檴,毃,漍,濩,焃,爀,爴,珏,癋,硞,确,碻,礐,礭,緙,翮,胳,臵,藿,蛒,蟈,蠚,衉,覐,謋,謞,郝,鑊,靃,靎,靏,鞟,鞹,騞,鸖,龣,傕,嗝",110
onyomi,キュウ,音読み: キュウ,"臼,厩,丘,久,仇,休,及,吸,宮,弓,急,救,朽,求,汲,泣,灸,球,究,窮,笈,級,糾,給,旧,九,玖,韮,鳩,咎,嗅,岌,廐,廏,恷,柩,樛,歙,毬,疚,皀,穹,糺,翕,舅,舊,蚯,裘,貅,赳,躬,逑,邱,韭,鬮,乣,伋,俅,匑,匛,嘼,噏,坵,宆,庥,斲,桕,梂,浗,潝,牞,璆,竆,糗,絿,舏,艽,芎,芨,莍,蓲,藭,虬,虯,觩,訄,訅,賕,躳,銶,镹,闟,髤,髹,鵂,鼼,齅,齨,丩",99
onyomi,カ,音読み: カ,"渦,瓜,榎,下,化,仮,何,伽,価,佳,加,可,嘉,夏,嫁,家,寡,科,暇,果,架,歌,河,火,珂,禍,禾,稼,箇,花,苛,茄,荷,華,菓,蝦,課,嘩,貨,迦,過,霞,駕,樺,靴,卦,鍋,个,假,價,厦,呵,哥,囮,堝,夥,崋,廈,彁,戈,枷,柯,渮,珈,瑕,痂,窩,笳,罅,舸,葭,萪,蝸,蝌,訛,訶,謌,譁,譌,跏,踝,軻,遐,錵,鍜,顆,鰕,丅,伙,侉,俰,傢,冎,划,剮,叚,叧,吓,呿,咖,哬,哿,嘏,坷,夓,姱,岢,嵙,惈,戓,斝,椵,檟,煆,牁,牱,猓,猧,疜,瘕,瘸,盉,碬,稞,窠,笴,粿,綶,縀,耞,芲,荂,菏,蕐,蚜,蚵,蜾,誮,豗,豭,赮,輠,鈥,銙,鋘,鎵,鎶,鞾,餜,騢,騧,驊,骻,禍",154
onyomi,キョ,音読み: キョ,"嘘,去,居,巨,拒,拠,挙,渠,虚,許,距,鋸,据,裾,倨,墟,據,擧,舉,欅,歔,秬,筥,苣,踞,遽,醵,鉅,佉,凥,厺,埾,岠,弆,怇,抾,擭,柜,椐,歫,琚,璩,磲,祛,簴,籧,粔,耟,胠,腒,莒,蕖,虗,虡,蚷,袪,詎,詓,豦,鐻,阹,阺,魖,鮔,麮,噓,虛",67
onyomi,バイ,音読み: バイ,"唄,貝,倍,培,媒,梅,楳,煤,買,売,賠,陪,苺,莓,賣,霾,黴,凂,勱,坆,妺,抺,槑,浼,湈,玫,珻,痗,禖,蕒,薶,蛽,跊,鋂,霉,韎,梅",37
onyomi,ウツ,音読み: ウツ,"欝,蔚,鬱",3
onyomi,マン,音読み: マン,"鰻,幡,万,慢,満,漫,蔓,曼,幔,懣,滿,瞞,縵,萬,謾,蹣,鏝,饅,熳",19
onyomi,ボ,音読み: ボ,"姥,牡,募,墓,慕,戊,暮,母,簿,菩,姆,媽,拇,糢,謨,墲,娒,橅",18
onyomi,ホ,音読み: ホ,"浦,蒲,鮒,保,舗,鋪,圃,捕,歩,甫,補,輔,匍,匏,哺,埔,堡,舖,褓,逋,餔,鮑,佈,俌,圑,媬,晡,潽,痡,礟,緥,蒱,誧,酺,鮬,步",36
onyomi,ジュン,音読み: ジュン,"閏,准,循,旬,楯,殉,淳,準,潤,盾,純,巡,遵,醇,順,馴,凖,徇,恂,洵,筍,笋,荀,詢,鶉,犉",26
onyomi,ソン,音読み: ソン,"噂,存,孫,尊,損,村,遜,巽,樽,鱒,忖,拵,蹲,邨,僔,噀,嶟,捘,撙,猻,罇,蓀,鐏,飧",24
onyomi,ウン,音読み: ウン,"云,運,雲,慍,暈,紜,繧,耘,薀,蘊,褞,饂,鶤,惲,愪,抎,橒,氳,溳,澐,熅,篔,縕,耺,蒕,蕓,运,鄆,鄖,醞,韗,餫,鵾",33
onyomi,ジン,音読み: ジン,"荏,人,仁,刃,尋,甚,尽,腎,訊,迅,陣,靭,侭,仞,仭,儘,儿,刄,椹,潯,燼,盡,糂,蕈,蕁,衽,袵,靫,靱,囜,屻,忈,牣,秂,紉,紝,絍,蟳,訒,軔,鈓,韌,飪,烬",44
onyomi,ジ,音読み: ジ,"餌,事,似,侍,児,字,寺,慈,持,時,次,滋,治,爾,璽,磁,示,而,耳,自,辞,迩,亊,兒,孳,尓,岻,峙,怩,恃,珥,畤,粫,膩,臑,轜,辭,邇,雉,伱,你,佀,儞,刵,呢,咡,唲,壐,妮,您,抳,旎,旹,柅,栭,樲,檽,毦,洏,洱,礠,耏,胹,蚭,衈,誀,輀,辝,辤,駬,髵,鮞,鴯,尒",74
onyomi,エイ,音読み: エイ,"叡,営,嬰,影,映,曳,栄,永,泳,洩,瑛,盈,穎,頴,英,衛,詠,鋭,咏,營,塋,暎,曵,楹,榮,殪,潁,瀛,瑩,瓔,珱,睿,纓,翳,蠑,衞,裔,贏,郢,霙,偀,勩,呭,壡,媖,嬴,孾,拽,攖,曀,朠,枻,柡,栧,槥,殹,渶,濚,瀅,瀠,瀯,瀴,烓,煐,璟,瘞,癭,盁,瞖,碤,禜,籝,縈,繄,蘙,詍,讏,賏,跇,躛,鉠,鍈,鎣,韺,餲,鷖,黟",87
onyomi,エツ,音読み: エツ,"悦,謁,越,閲,曰,粤,鉞,噦,恱,暍,樾,泧,焆,蠮,鈌,謁",16
onyomi,オ,音読み: オ,"於,汚,唹,塢,淤,勜,噁,圬,埡,弙,杇,歍,汙,洿,瑦,螉,螐,鄔,隖,鰞",20
onyomi,テキ,音読み: テキ,"荻,摘,擢,敵,滴,的,笛,適,鏑,剔,廸,彳,擲,狄,覿,躑,迪,逖,倜,啇,惕,掦,擿,樀,歒,玓,篴,籊,莜,蔐,踢,蹢,靮,頔,馰,魡,鸐",37
onyomi,オク,音読み: オク,"億,屋,憶,臆,檍,悥,箼",7
onyomi,ヨウ,音読み: ヨウ,"桶,腰,鷹,蝿,傭,幼,妖,容,庸,揚,揺,擁,曜,楊,様,洋,溶,熔,用,窯,羊,耀,葉,蓉,要,謡,踊,遥,陽,養,沃,佯,俑,壅,夭,姚,孕,幺,廱,徭,恙,慂,慵,揄,搖,杳,昜,暘,曄,榕,樣,殀,漾,瀁,煬,燿,瑶,甬,痒,瘍,癢,癰,穃,窈,窰,膺,蛹,蠅,謠,踴,邀,鎔,雍,靨,飫,鷂,遙,瑤,佒,佣,偠,傛,傜,僌,劷,勈,勨,喓,嚈,垟,埇,墉,媱,媵,嫆,宎,岟,徉,恿,惥,愑,愹,懩,擪,攁,斿,暚,枖,枼,梄,殗,氧,滽,灉,炛,炴,烊,烑,煠,熀,燁,爗,牅,猺,珧,瑢,癕,皣,瞱,祅,禓,穾,窅,窑,窔,繇,羏,羪,腌,臃,舀,苚,苭,葽,蕹,訞,詇,譍,賸,軺,邕,鄘,鍚,鍱,鏞,阦,阳,雝,颺,颻,饁,饔,駚,鰑,鰩,鴞,鷕,鸎",168
onyomi,オツ,音読み: オツ,"乙,榲,膃,嗢,殟,淴",6
onyomi,シャ,音読み: シャ,"卸,舎,写,射,捨,赦,斜,煮,社,者,謝,車,遮,柘,這,偖,冩,奢,娑,寫,洒,瀉,灑,炙,蔗,藉,赭,鉈,鷓,佘,厙,唶,喏,奲,撦,榭,猞,硨,罝,蛼,賖,齄,煑,煮,社,者",46
onyomi,オン,音読み: オン,"恩,温,穏,音,瘟,穩,鰮,鰛,壈,搵,昷,蒽,轀,韞,溫",15
onyomi,ブン,音読み: ブン,"蚊,分,文,聞,馼,彣,汶,炆,絻,芠,莬,蟁,閿,雯,蚉",15
onyomi,ガ,音読み: ガ,"俄,峨,我,牙,画,臥,芽,賀,雅,餓,瓦,呀,哦,娥,峩,畫,莪,衙,訝,鵝,鵞,枙,珴,砑,誐,迓,齖",27
onyomi,ギ,音読み: ギ,"蛾,伎,偽,儀,妓,宜,戯,技,擬,欺,犠,疑,祇,義,蟻,誼,議,僞,嶬,巍,戲,曦,沂,犧,礒,羲,艤,萓,魏,儗,冝,凒,劓,宐,檥,漦,硪,竩,薿,蘶,螘,豙,逘,顗",44
onyomi,カイ,音読み: カイ,"介,会,解,回,塊,壊,廻,快,怪,悔,恢,懐,戒,拐,改,魁,晦,械,海,灰,界,皆,絵,芥,蟹,開,階,咳,鎧,掛,堺,鮭,潰,届,桧,丐,乖,价,會,偕,傀,囘,咼,喙,壞,夬,屆,嵬,廨,徊,恠,懷,揩,枴,檜,椢,楷,槐,獪,瑰,畍,疥,繪,膾,艾,薤,薈,蛔,蠏,觧,詼,誨,誡,諧,豈,迴,邂,醢,隗,鮠,鱠,丯,佪,侅,儈,凷,劊,叏,咍,唉,喈,喎,嘅,嘳,噲,圚,堦,塏,妎,媧,尬,嶰,庎,廆,廥,忋,恝,悈,悝,愷,憒,摡,晆,暟,檞,櫆,櫰,欬,殨,洄,湏,湝,澥,澮,濊,瀣,獬,玠,璯,瓌,畡,痎,瘣,盔,砎,磕,礚,祄,筷,箉,糩,糫,絓,緺,繢,罣,翽,胲,膎,芉,荄,蒯,蕢,薢,蚘,蚧,蛕,褱,詿,賅,鄶,鈣,鍇,閡,闓,闠,陔,隑,靧,頦,頮,頯,顪,駴,髁,魪,鮰,齘,吤,峐,廽,悔,海",183
onyomi,リ,音読み: リ,"浬,鯉,狸,哩,利,吏,履,李,梨,理,璃,痢,裏,裡,里,離,俚,俐,悧,罹,漓,犂,犁,籬,莅,莉,蜊,詈,貍,釐,驪,刕,唎,嚟,娌,嫠,孋,峲,梩,氂,灕,猍,縭,艃,蒞,蘺,褵,邐,酈,醨,鋰,鬁,鸝",53
onyomi,ケイ,音読み: ケイ,"馨,卿,係,傾,刑,兄,啓,圭,珪,型,契,形,径,恵,慶,慧,憩,掲,携,敬,景,桂,渓,畦,稽,系,経,継,繋,罫,茎,荊,蛍,計,詣,警,軽,頚,鶏,頃,兮,冏,剄,勁,勍,匸,夐,奎,奚,彑,徑,惠,憇,憬,挂,挈,攜,枅,檠,溪,炯,烱,煢,瓊,痙,盻,眤,磬,禊,笄,絅,經,綮,繼,脛,莖,薊,螢,袿,褂,謦,谿,蹊,輕,迥,逕,醯,閠,閨,頸,髻,鴃,鷄,黥,乩,倞,傒,傹,儆,儝,刲,剠,劌,启,呇,嗘,嘒,囧,坰,垧,婞,嵆,嵠,嵤,巠,幜,廎,彐,徯,悻,惸,愒,憓,憼,扃,擎,擕,晵,暌,暻,曔,栔,桱,棨,檾,殸,汫,泂,涇,涬,滎,潓,炅,炔,焭,煚,熒,熲,猄,璚,瘈,睳,睽,硎,磎,稧,窐,筀,紒,綗,繐,繫,罄,罽,葪,蕙,螇,蟪,蟿,蠵,褧,觹,觽,觿,誩,諬,謑,譓,賯,踁,逈,邢,邽,郌,鉶,銈,銒,鏸,鑙,闙,陘,嶲,雞,雟,駉,駫,鱖,鸂,麖,鼷,嵇,揭",202
onyomi,レイ,音読み: レイ,"蛎,砺,戻,令,伶,例,冷,励,嶺,怜,玲,礼,苓,鈴,隷,零,霊,麗,齢,儷,勵,唳,囹,捩,櫺,澪,癘,礪,禮,糲,綟,羚,聆,茘,藜,蛉,蠣,蠡,醴,隸,靈,鱧,鴒,黎,齡,刢,厲,另,呤,姈,孁,岺,彾,悷,拎,攦,昤,朎,柃,棙,櫔,欐,欞,沴,泠,涖,澧,灵,瓈,瓴,盠,砅,秢,竛,笭,翎,舲,荔,蛠,蟸,衑,詅,軨,邌,酃,醽,閝,霛,霝,魿,黧,龗,岭,戾",94
onyomi,ガク,音読み: ガク,"学,岳,楽,額,顎,鍔,鰐,咢,壑,學,斈,嶽,愕,樂,萼,蕚,諤,鄂,鶚,齶,卾,噩,峉,崿,斅,腭,詻,讍,遌,鱷,鸑",31
onyomi,リュウ,音読み: リュウ,"笠,柳,劉,流,溜,琉,留,硫,粒,隆,竜,龍,嚠,旒,澑,瀏,畄,瘤,窿,苙,鏐,霤,餾,鰡,刘,旈,桺,珋,畱,癃,癅,籕,綹,羀,翏,蟉,遛,鉝,鎏,鎦,鐂,霳,飂,飅,駵,騮,驑,鴗,鶹,鷚,龒",51
onyomi,ビ,音読み: ビ,"梶,備,尾,微,枇,琵,眉,美,鼻,媚,寐,嵋,麼,弭,濔,瀰,糒,糜,縻,麋,亹,侎,僃,咩,咪,娓,媺,楣,渼,湄,獼,睂,蘼,郿,醿,鎂,镾,鬽,鮇,媄",40
onyomi,セキ,音読み: セキ,"潟,汐,錫,隻,席,惜,斥,昔,析,石,積,籍,績,脊,責,赤,跡,蹟,碩,夕,勣,槭,淅,瘠,磧,舍,蓆,螫,裼,跖,蹐,蹠,迹,鉐,鶺,唽,塉,奭,媳,慼,摭,晳,睗,磶,祏,穸,緆,耤,腊,褁,襀,襫,踖,鯽,鶒,鼫",56
onyomi,カツ,音読み: カツ,"割,喝,括,活,渇,滑,葛,褐,轄,筈,刮,劼,戛,戞,拮,曷,猾,瞎,磆,羯,聒,蛞,蝎,蠍,豁,闊,濶,鞨,黠,佸,傄,劀,匃,嘎,圿,奯,桰,猲,獦,硈,碟,秸,稭,舝,葜,輵,轕,适,銽,鎋,鬠,鴰,鶡,齃,噶,渴,喝,褐",58
onyomi,ショ,音読み: ショ,"且,杵,黍,処,初,所,暑,曙,渚,庶,緒,署,書,薯,藷,諸,處,墅,嶼,胥,蜍,雎,伹,俆,偦,劯,圕,坥,怚,櫧,湑,癙,稰,竌,糈,紓,翥,耝,菹,葅,藇,蜡,諝,趄,跙,醑,鉏,陼,魣,鯺,鱮,齭,緖,諸,暑,渚,署",57
onyomi,ハク,音読み: ハク,"鞄,栢,狛,伯,剥,博,拍,柏,泊,白,箔,粕,舶,薄,迫,駁,亳,岶,帛,怕,搏,擘,檗,蘗,珀,璞,膊,貊,陌,雹,魄,仢,嚩,圤,彴,欂,瓟,礴,簙,蒪,襮,趵,踄,釙,鉑,鎛,鑮,餺,骲,髆,鮊,剝",52
onyomi,シュ,音読み: シュ,"株,主,取,守,手,朱,殊,狩,珠,種,腫,趣,酒,首,諏,柊,侏,娵,娶,棕,椶,橦,殳,洙,溲,繻,茱,銖,銹,鬚,鰌,麈,垔,垨,宔,尌,扌,枓,橾,渞,湒,澍,炷,盨,硃,祩,秼,絑,罜,腧,蛀,裋,陻,隃,飳,馵,壴",57
onyomi,フ,音読み: フ,"釜,不,付,埠,夫,婦,富,冨,布,府,怖,扶,敷,斧,普,浮,父,符,腐,膚,芙,譜,負,賦,赴,阜,附,仆,俘,俛,俾,俯,傅,咐,坿,孚,孵,巫,拊,枹,柎,桴,榑,殕,溥,畉,罘,脯,腑,艀,苻,蜉,訃,誣,賻,郛,釡,鯆,鳧,鳬,麩,麸,黼,伕,妋,弣,怤,悑,懯,捬,旉,暜,枎,滏,玞,盙,砆,祔,稃,簠,罦,胕,莆,莩,蚨,蚹,蜅,跗,郙,鄜,鈇,頫,颫,駙,鬴,麬,尃",97
onyomi,レン,音読み: レン,"鎌,廉,恋,憐,漣,煉,簾,練,聯,蓮,連,錬,匳,嗹,奩,戀,攣,斂,楝,歛,濂,瀲,縺,聨,臠,輦,鏈,鰊,匲,孌,帘,撿,殮,浰,湅,溓,澰,璉,癴,稴,纞,薟,蘞,蠊,謰,鐮,鰱,鍊",48
onyomi,カン,音読み: カン,"乾,侃,冠,寒,刊,勘,勧,巻,喚,堪,姦,完,官,寛,干,幹,患,感,慣,憾,換,敢,桓,棺,款,歓,汗,漢,澗,潅,環,甘,監,看,竿,管,簡,緩,缶,翰,肝,艦,莞,観,諌,貫,還,鑑,間,閑,関,陥,韓,館,舘,串,菅,函,丱,凵,凾,刋,勸,卷,厂,咸,啣,喊,圜,坎,坩,奐,奸,嫺,嫻,宦,寰,嵌,悍,懽,戡,扞,拑,捍,揀,撼,旱,杆,柬,栞,桿,橄,樌,檻,歡,浣,涵,淦,渙,灌,澣,瀚,煥,疳,癇,皖,盥,瞰,稈,箝,篏,緘,繝,罐,罕,艱,蒄,蚶,觀,諫,讙,轗,遑,邯,酣,銜,鐶,鑒,鑵,關,陷,駻,驩,骭,鬟,鰔,鰥,鸛,鹹,鼾,龕,乹,仠,倌,倝,僩,凲,厈,咁,唅,唍,嚾,囏,垸,堿,墈,姧,孯,寏,尲,尶,屽,崁,嵈,忓,惂,愌,憨,憪,掔,摜,擐,攼,旰,晗,晘,暵,梡,棵,榦,槵,欵,毌,汍,泔,泴,淊,漶,澖,爟,犴,狟,猂,玕,玪,琀,琯,瑍,瓘,瓛,痯,瘝,盰,睅,睆,瞯,矙,矸,砍,磡,礀,祼,筦,簳,紈,絙,缻,羦,脘,臤,臽,舙,芄,苷,莧,萑,蕑,虷,衎,衘,襉,覵,諴,譼,谽,豏,豻,貆,貋,貛,趕,趯,輐,輡,輨,轘,轞,迀,逭,遦,邗,醎,釬,銲,鋎,鋡,錧,鍰,鍳,鏆,鐗,閈,闞,闤,雚,頇,頜,顄,顑,髖,鬜,鬫,鯇,鰀,鱞,鷳,鷴,鹻,黬,寬,漢,艹",282
onyomi,コン,音読み: コン,"柑,今,困,坤,墾,婚,恨,懇,昏,昆,根,梱,混,痕,紺,艮,魂,壼,崑,很,悃,棍,棔,渾,溷,滾,焜,琿,菎,蒟,袞,褌,諢,跟,鯀,鯤,丨,佷,俒,圂,堃,忶,惛,惽,慁,捆,昬,晜,楎,涽,琨,睏,睧,睴,稇,稛,綑,緄,臗,茛,裍,訤,豤,貇,輥,錕,閫,閽,餛,髠,鼲,崐",72
onyomi,ガン,音読み: ガン,"丸,含,岸,巌,玩,癌,眼,岩,翫,贋,雁,頑,顔,願,嵒,巖,狠,莟,頷,顏,鴈,鳫,刓,岏,忨,抏,曮,玵,碞,虤,啽,嵓",32
onyomi,キク,音読み: キク,"掬,菊,鞠,麹,椈,鞫,匊,婅,慉,梮,稸,粷,諊,麯,麴",15
onyomi,キツ,音読み: キツ,"吃,喫,桔,橘,詰,迄,佶,屹,訖,仡,咭,噄,姞,忔,欯,汔,獝,繘,肸,蛣,鮚",21
onyomi,チン,音読み: チン,"砧,塵,朕,沈,珍,賃,鎮,陳,椿,枕,珎,碪,趁,鍖,鎭,闖,鴆,佔,揕,敒,棽,沉,琛,疢,眹,紖,綝,葚,蔯,薼,諃,賝,趂,趻,踸,郴,霃",37
onyomi,キャク,音読み: キャク,"却,客,脚,卻,勖,勪,噱,屩,戄,玃,蠼,貜,踋,躩,隟,匤",16
onyomi,ギャク,音読み: ギャク,"虐,逆,瘧,謔",4
onyomi,ギョ,音読み: ギョ,"漁,禦,魚,御,圉,馭,敔,籞,鋙,鷠",10
onyomi,ギョウ,音読み: ギョウ,"仰,凝,尭,暁,業,僥,嶢,澆,翹,蟯,餃,驍,堯,垚,嶫,弶,謷,鄴,鏊,顒",20
onyomi,ギョク,音読み: ギョク,"玉,嶷,鈺",3
onyomi,キン,音読み: キン,"僅,勤,均,巾,錦,斤,欣,欽,琴,禁,禽,筋,緊,芹,菌,衿,襟,謹,近,金,檎,听,噤,忻,懃,掀,擒,槿,瑾,矜,窘,箘,箟,菫,衾,覲,釁,鈞,釿,饉,麕,伒,俽,劤,厪,囷,坅,墐,峮,嶔,巹,廑,廞,惞,慬,憗,捦,撳,斳,昑,昕,歆,殣,漌,炘,珡,琹,礥,耹,芩,荕,莙,衅,覠,觔,訢,鑫,靳,麇,麏,齗,齽,卺,焮,勤,謹",86
onyomi,ギン,音読み: ギン,"吟,銀,垠,崟,憖,齦,乑,众,喗,嚚,圁,垽,斦,犾,訔,誾,鄞",17
onyomi,グ,音読み: グ,"倶,具,愚,虞,禺,颶,麌,俁,喁,禑,髃,鼽",12
onyomi,ク,音読み: ク,"句,区,狗,矩,苦,躯,駆,駈,駒,傴,劬,區,吁,嶇,怐,惧,懼,摎,枸,栩,煦,瞿,箜,衢,驅,齲,呴,咻,喣,埧,姁,寠,屨,岴,捄,敺,旴,昫,榘,欨,氍,灈,珝,痀,癯,盱,眗,竬,絇,臞,蘧,訏,詡,譃,跔,踽,軀,酗,鴝,鸜,俱,胊",62
onyomi,クウ,音読み: クウ,"空,啌,骷",3
onyomi,グウ,音読み: グウ,"偶,寓,遇,隅,嵎,藕,吪,庽",8
onyomi,シツ,音読み: シツ,"櫛,叱,執,失,嫉,室,悉,湿,漆,疾,質,膝,蛭,桎,濕,瑟,虱,蝨,蟋,貭,隰,侄,儨,劕,厔,堲,愱,晊,柒,桼,璱,礩,蒺,郅,鑕,騭,𠮟",37
onyomi,セツ,音読み: セツ,"屑,切,拙,接,摂,折,設,窃,節,説,雪,鱈,卩,啜,截,攝,椄,泄,浙,渫,竊,紲,絏,緤,膤,薛,褻,鑷,乴,伳,偰,哾,媟,岊,揲,揳,擑,栨,梲,榍,歠,歽,癤,糏,莭,蔎,蕝,蛥,蠘,蠞,辥",51
onyomi,クツ,音読み: クツ,"屈,掘,窟,堀,倔,崛,崫,弡,欻,歘,詘,誳",12
onyomi,ヒ,音読み: ヒ,"轡,匪,卑,否,妃,庇,彼,悲,扉,批,披,斐,比,疲,皮,碑,秘,緋,罷,肥,被,誹,費,避,非,飛,毘,丕,匕,嚊,妣,婢,屁,暃,朏,榧,狒,痞,痺,砒,祕,秕,粃,紕,羆,翡,脾,腓,臂,菲,蓖,蜚,裨,譬,貔,豼,贔,鄙,陂,霏,鞁,鞴,髀,鯡,鵯,靡,仳,伾,剕,啚,啤,嚭,圮,坒,坯,埤,夶,妼,帔,庀,庳,悂,悱,抷,朇,柀,柲,棐,毖,沘,淝,淠,渄,濞,狉,畀,疕,疿,痱,痹,磇,秠,篚,肹,腗,芘,芾,苤,萆,蕜,蚍,蜱,襣,詖,豾,邳,郫,鉍,錍,閟,陴,駓,騑,髬,髲,魮,鮍,卑,碑",129
onyomi,ワ,音読み: ワ,"窪,倭,和,話,啝,萵,鐚,婐,涹,窊,窳,龢,咊",13
onyomi,ユウ,音読み: ユウ,"熊,酉,又,尤,佑,優,勇,友,宥,幽,悠,憂,有,湧,涌,猶,猷,祐,裕,誘,遊,邑,郵,雄,融,侑,囿,悒,攸,梍,游,莠,蕕,蚰,蝣,釉,黝,鼬,丣,卣,唀,噢,姷,挹,槱,櫌,泑,浟,浥,瀀,熠,牖,狖,秞,羐,羑,耰,肜,蚴,蜏,輏,輶,迶,逌,酭,魷,鮋,鯈,麀,祐",70
onyomi,ワイ,音読み: ワイ,"隈,歪,賄,淮,猥,矮,偎,崴,懀,椳,煨,獩,碨,薉,鼃",15
onyomi,リツ,音読み: リツ,"栗,律,立,葎,慄,凓,嵂,溧,瑮,箻,傈",11
onyomi,ショウ,音読み: ショウ,"鍬,咲,錆,傷,償,勝,匠,升,召,哨,商,唱,嘗,奨,妾,娼,宵,将,小,少,尚,庄,床,廠,彰,承,抄,招,掌,捷,昇,昌,昭,晶,松,梢,樟,樵,沼,消,渉,湘,焼,焦,照,症,硝,礁,祥,称,章,笑,粧,紹,肖,菖,蒋,蕉,衝,裳,訟,証,詔,詳,象,賞,醤,鍾,鐘,障,鞘,摺,憧,橡,秤,从,倡,劭,厰,燮,嘯,囁,墻,奬,將,峭,嶂,庠,廂,悚,悄,慫,慯,憔,懾,拯,敞,枩,枌,椒,樅,檣,殤,浹,淞,漿,瀟,燒,爿,牀,牆,猖,猩,獎,璋,甞,瘴,睫,稱,竦,笙,簫,翔,聳,聶,舂,艘,蕭,褶,觴,誦,誚,證,踵,蹤,逍,邵,鈔,銷,陞,霄,霎,韶,頌,顳,餉,鬆,鮹,鱆,鱶,鷦,伀,佋,俏,倘,倢,偁,偅,偢,傖,傽,僘,僺,儴,冼,匞,卙,卲,呏,唼,嗆,噍,圳,埩,塍,墇,墏,婕,嫈,嫜,嫶,嬙,尰,嵊,嶒,嶕,幛,弨,弽,彇,彸,徜,徢,徸,忪,惝,慞,戕,扄,抍,捒,摏,撨,昮,晌,曻,晿,暲,曌,柗,梥,椉,榺,槳,欇,氅,氶,漳,澠,灄,炤,焇,燋,爯,狌,獐,玿,琩,瑲,瓤,畻,痟,瘇,瘲,癄,瞕,瞧,瞾,穕,穪,綃,緃,緗,繒,纕,罿,翛,膲,茮,菨,葙,蔣,蜙,蜨,螿,蟭,蠨,蠰,襵,誯,譙,讋,蹡,蹱,躞,辸,迠,遧,郰,鄣,醬,醮,釂,釗,釥,鉊,銿,鋿,錩,鍶,鏦,鐎,鑜,閶,陗,霅,鞢,韘,顦,饟,鬺,魈,鮝,鯗,鯧,鱅,鱨,麞,麨,傱,嘨,涉,筿,祥",304
onyomi,クン,音読み: クン,"勲,君,薫,訓,勳,桾,熏,燻,皸,皹,葷,裙,醺,勛,宭,忐,捃,攈,攟,曛,焄,獯,珺,纁,蘍,鍕,薰",27
onyomi,グン,音読み: グン,"群,軍,郡,羣,齳",5
onyomi,ケ,音読み: ケ,"袈,懈,簂",3
onyomi,ゲイ,音読み: ゲイ,"芸,迎,鯨,倪,囈,猊,睨,藝,貎,霓,鯢,麑,埶,堄,寱,帠,秇,羿,蓺,蜺,褹,襼,輗,鑈,齯",25
onyomi,ゲキ,音読み: ゲキ,"劇,戟,撃,激,隙,屐,覡,郤,闃,鷁,墼,屰,擊,鶃,鷊",15
onyomi,ケツ,音読み: ケツ,"傑,欠,決,潔,穴,結,血,訣,頁,蕨,亅,刔,厥,孑,抉,杰,桀,楔,歇,獗,碣,竭,纈,缺,襭,訐,譎,蹶,闕,靹,頡,劂,勶,坹,娎,孒,嵑,憠,搩,撅,擷,朅,楬,橛,氒,泬,洯,潏,烕,狘,玦,絜,缼,袺,觖,趐,趹,鍥,鐍,闋,駃,鴂",62
onyomi,ゲツ,音読み: ゲツ,"月,囓,蘖,齧,刖,孼,孽,揑,櫱,玥,糵,臬,臲,讞,跀,軏,鈅,闑,隉",19
onyomi,ゲン,音読み: ゲン,"元,原,厳,幻,弦,減,源,玄,現,絃,舷,言,諺,限,彦,偐,儼,呟,嚴,广,愿,痃,眩,芫,衒,阮,傆,减,厡,厵,唁,喭,噞,妧,嫄,嵃,杬,沅,狺,甗,盶,蚖,螈,謜,遃,醶,釅,騵,魭,黿,齞",51
onyomi,コ,音読み: コ,"乎,個,古,呼,固,姑,孤,己,庫,弧,戸,故,枯,湖,狐,糊,袴,股,菰,虎,誇,跨,鈷,雇,顧,鼓,瑚,壷,估,凅,刳,呱,壺,夸,峺,怙,杞,柧,桍,楜,沽,涸,滸,炬,琥,瓠,痼,瞽,箍,罟,葫,虍,乕,蛄,蝴,蠱,觚,詁,谺,賈,辜,扈,錮,餬,鴣,皷,仵,僱,咕,嘑,堌,嫮,岈,岵,崤,帍,怘,恗,戽,昈,枑,棝,楛,汻,泒,滹,焸,牯,猢,珖,盬,祜,祻,笟,箎,箛,箶,絝,罛,羖,胍,脵,膴,苽,菇,虖,虝,衚,褲,謼,軱,鄠,酤,鬍,鯝,鶘,鼔",117
onyomi,ゴ,音読み: ゴ,"五,互,伍,午,呉,吾,娯,後,悟,梧,碁,語,誤,護,醐,冴,冱,唔,圄,寤,忤,晤,沍,牾,珸,篌,茣,蜈,齬,俉,吴,娪,忢,悞,捂,旿,浯,窹,迕,鼯",40
onyomi,コツ,音読み: コツ,"乞,忽,惚,骨,兀,榾,汨,笏,鶻,匫,囫,圣,搰,昒,淈,矻,紇,絗,蓇,齕",20
onyomi,ゴウ,音読み: ゴウ,"剛,号,合,拷,濠,豪,轟,傲,哈,嗷,囂,敖,毫,熬,螯,遨,鰲,鷙,鼇,厫,奡,岇,廒,慠,獒,獟,耦,聱,蔜,鞕,驁,鷔,齵",33
onyomi,コク,音読み: コク,"克,刻,告,国,穀,酷,鵠,黒,谷,剋,哭,圀,國,尅,斛,梏,槲,轂,釛,俈,勀,呄,嚳,囶,榖,焅,熇,牿,琭,糓,縠,翯,臛,裓,觳,閄,隺,鶮,黑,穀",40
onyomi,ロク,音読み: ロク,"漉,鹿,六,麓,禄,肋,録,碌,祿,轆,勒,圥,彔,忇,扐,摝,樚,氻,淥,濼,甪,竻,簏,簶,粶,艻,錴,阞,𢈘,錄",30
onyomi,サ,音読み: サ,"些,佐,叉,唆,嵯,左,差,査,沙,瑳,砂,詐,鎖,裟,紗,乍,蓑,做,嗟,嗄,嵳,扠,扨,搓,柤,梭,槎,渣,瑣,磋,簑,簔,莎,蹉,鮓,鯊,仨,傞,儍,剉,卡,嗩,宱,惢,揸,摣,暛,杈,桫,楂,榨,樝,汊,溠,琑,痄,痤,痧,瘥,矬,粆,耍,肞,脞,艖,莝,蓌,虘,褨,訯,醡,銟,銼,鎈,鏁,髽,髿,魦,鮻,鹺,齇,傻,皶",83
onyomi,ザ,音読み: ザ,"坐,座,挫,蓙",4
onyomi,サイ,音読み: サイ,"債,催,再,最,哉,妻,宰,彩,才,採,栽,歳,済,災,采,犀,砕,砦,祭,斎,細,菜,裁,載,際,晒,偲,柴,倅,伜,摧,寨,樶,淬,濟,犲,猜,砌,碎,齋,綵,縡,腮,蔡,豺,賽,釵,隹,顋,鰓,亗,儎,冣,啐,啛,嘬,埰,墔,婇,寀,崽,愢,晬,曬,棌,槯,漼,灾,烖,焠,璀,瘵,皠,睬,磪,穝,簺,紣,綷,縗,脧,茝,葸,蕞,衩,跴,辠,鎩,鏙,鞖",90
onyomi,ソク,音読み: ソク,"塞,燭,戚,促,側,則,即,息,捉,束,測,足,速,仄,惻,熄,鏃,樕,皍,簌,蔌,蝍,觫,鎴,餗,鰂,卽",27
onyomi,ザイ,音読み: ザイ,"剤,在,材,罪,財,劑,戝,疓",8
onyomi,ハン,音読み: ハン,"坂,阪,伴,判,半,反,叛,帆,搬,斑,板,氾,汎,版,犯,班,畔,繁,般,藩,販,範,釆,煩,頒,飯,拌,攀,槃,樊,泛,潘,燔,瘢,笵,絆,繙,飜,胖,膰,范,蟠,袢,鐇,鷭,冸,噃,坢,墦,媻,幋,扳,攽,斒,昄,柈,柉,棥,橎,沜,泮,溿,璠,瓪,畈,盼,磻,秚,籓,舨,薠,蘩,螌,蠜,襻,蹯,轓,辦,釩,鉡,鋬,闆,靽,鞶,頖,颿,魬,飰,繁",89
onyomi,サク,音読み: サク,"作,削,咋,搾,昨,朔,柵,窄,策,索,錯,酢,嘖,柞,槊,筰,簀,醋,鑿,齪,丵,厝,岝,幘,怍,搠,擉,擌,敇,斮,欶,歵,汋,洓,浞,皟,瞔,矟,矠,笧,笮,簎,蒴,蔶,蚱,賾,迮,逪,鈼,鋜,鎍,鑡,頙,鷟,齚,齰,齱",57
onyomi,サツ,音読み: サツ,"冊,刷,察,拶,撮,擦,札,殺,薩,册,囃,扎,紮,颯,咱,囋,囐,揠,摋,檫,煞,茁,詧,鍘,劄",25
onyomi,ザツ,音読み: ザツ,"雑,襍,雜",3
onyomi,ハツ,音読み: ハツ,"捌,溌,発,醗,髪,叭,撥,癶,發,秡,跋,髮,魃,傠,坺,垡,墢,妭,朳,栰,潑,牫,犮,玐,癟,盋,胈,茇,菝,袚,襏,軷,醱,鈸,鏺,颰,馛,驋,仈",39
onyomi,ベイ,音読み: ベイ,"皿,米,榠,袂,凕,猽,眀,眯,蒾,蓂,詺,鄍,銤,麛",14
onyomi,サン,音読み: サン,"三,傘,参,山,惨,撒,散,桟,燦,珊,産,算,纂,蚕,讃,賛,酸,餐,杉,撰,蒜,刪,參,簒,彡,慘,攅,棧,汕,潸,爨,盞,粲,繖,纉,纔,蠶,衫,讚,贊,跚,鏨,鑽,鑚,閂,驂,仐,傪,僝,儧,儳,儹,剗,剷,劖,劗,叅,喒,姍,孿,寁,嶃,弎,摻,撏,攛,攢,昝,檆,櫕,欃,欑,殩,毚,毿,涔,滻,澯,濽,狻,璨,瓉,瓚,痠,磛,祘,穇,笇,筭,篹,糝,縿,纘,羼,舢,蘸,蝅,蠺,訕,趲,蹔,轏,鄼,酇,醆,醦,釤,鏟,鐕,鑱,飡,饞,鬖,黲,巑",115
onyomi,ザン,音読み: ザン,"斬,暫,残,塹,嶄,巉,慙,慚,懺,懴,槧,殘,竄,讒,壍",15
onyomi,シキ,音読み: シキ,"式,識,閾",3
onyomi,ジク,音読み: ジク,"竺,軸,忸,舳,衄,衂,恧",7
onyomi,ニク,音読み: ニク,"宍,肉,朒",3
onyomi,ダ,音読み: ダ,"雫,唾,堕,妥,惰,打,柁,舵,楕,駄,兌,墮,娜,懦,拏,拿,朶,梛,橢,糯,陏,駝,鴕,兊,咑,哪,垜,懧,挐,挪,挼,捼",32
onyomi,ジツ,音読み: ジツ,"実,實,昵,衵,暱,臸,釰,鈤,馹",9
onyomi,ゾウ,音読み: ゾウ,"篠,像,増,憎,臓,蔵,贈,造,慥,筱,臟,臧,藏,增,憎",15
onyomi,ル,音読み: ル,"屡,瑠,婁,榴,璢,瘻,簍,縷,鏤,娄,屢,嶁,橊,漊,瘺,讄",16
onyomi,ズイ,音読み: ズイ,"蕊,随,瑞,髄,惴,隋,膸,蘂,蕋,隨,髓,桵,橤,甤,緌,諉",16
onyomi,ジャ,音読み: ジャ,"蛇,邪,麝,偌,虵",5
onyomi,シャク,音読み: シャク,"借,勺,尺,杓,灼,爵,酌,釈,呎,嚼,妁,斫,晰,爍,皙,綽,芍,蜥,釋,鑠,鵲,齣,圴,坧,墌,焯,爝,瘄,皭,碏,繳,舃,趞,鐯,舄",35
onyomi,ジャク,音読み: ジャク,"若,寂,弱,惹,雀,搦,蒻,鶸,楉,箬,篛,鄀",12
onyomi,ジュ,音読み: ジュ,"儒,受,呪,寿,授,樹,綬,需,竪,嬬,濡,咒,壽,孺,戍,洳,襦,豎,嚅,擩,脜,薷,顬",23
onyomi,シュク,音読み: シュク,"蹴,叔,夙,宿,淑,祝,縮,粛,俶,倏,肅,菽,蓿,蹙,倐,婌,尗,斣,柷,潚,珿,縬,諔,踧,蹜,閦,顣,驌,鱐,鷫",30
onyomi,ジュウ,音読み: ジュウ,"什,住,充,十,従,戎,柔,汁,渋,獣,縦,重,銃,廿,從,戉,揉,澁,澀,狃,獸,糅,絨,絛,縱,蹂,鞣,囡,扭,毧,禸,縧,葇,輮",34
onyomi,ジュク,音読み: ジュク,"塾,熟,孰",3
onyomi,シュツ,音読み: シュツ,"出,蟀,卹,崒,摔,甩,蒁,賉,銊",9
onyomi,ジュツ,音読み: ジュツ,"術,述,恤,戌,朮,鉥",6
onyomi,シュン,音読み: シュン,"俊,峻,春,瞬,舜,駿,惇,隼,儁,墫,悛,惷,浚,濬,皴,蓴,蕣,蠢,諄,逡,雋,鰆,侚,偆,偱,埈,夋,奞,媋,寯,峋,懏,旾,晙,暙,榫,殾,湻,灥,焌,狥,珣,畃,畯,盹,瞚,稕,竴,箰,箺,簨,紃,綧,肫,蒓,衠,賰,踆,踳,郇,醕,錞,鎨,陖,餕,鵔,埻",67
onyomi,ドウ,音読み: ドウ,"竣,働,動,同,堂,導,撞,洞,瞳,童,胴,萄,道,銅,仂,儂,嬲,嫐,恫,慟,橈,潼,獰,瞠,耨,艟,衲,鐃,閙,儜,咷,夒,婥,峱,巎,怓,憹,擰,攮,槈,猱,硇,蕽,薴,詉,軜,鈉,鎒",48
onyomi,ジョ,音読み: ジョ,"助,叙,女,序,徐,恕,鋤,除,汝,如,舒,抒,敍,敘,絮,耡,茹,莇,侞,筎,籹,蕠,袽,釹,鴽",25
onyomi,ジョウ,音読み: ジョウ,"上,丈,丞,乗,冗,剰,城,場,壌,嬢,常,情,擾,条,杖,浄,状,畳,穣,蒸,譲,醸,錠,茸,縄,娘,乘,仍,仗,剩,塲,壤,奘,嫋,孃,弉,攘,條,淨,烝,犹,疊,疉,疂,禳,穰,繞,繩,蕘,蟐,襄,諚,讓,躡,釀,饒,驤,丄,勷,叠,嚷,嬝,扔,楺,樤,瀼,礽,穠,羢,艿,芿,襛,醲,鉩,錜,鍒,鑲,陾,𠀋,狀",80
onyomi,ショク,音読み: ショク,"嘱,埴,飾,拭,植,殖,織,職,色,触,食,蝕,喞,囑,嗇,寔,昃,矚,禝,稙,稷,穡,蜀,觸,謖,贖,軾,夨,崱,憟,懎,戠,斘,樴,湜,溭,濇,畟,瘃,瘜,聀,臅,荗,薥,藚,蟙,襡,軄,鉽,銫,钃",51
onyomi,ジョク,音読み: ジョク,"辱,縟,蓐,褥,氄",5
onyomi,シン,音読み: シン,"伸,信,侵,唇,娠,寝,審,心,慎,振,新,晋,森,榛,浸,深,申,疹,真,神,秦,紳,臣,芯,薪,親,診,身,辛,進,針,震,辰,津,賑,矧,僭,僣,呻,哂,嗔,宸,寢,岑,忱,怎,愼,抻,斟,晉,晨,沁,滲,瀋,畛,眞,瞋,箴,簪,縉,脣,臻,蓁,蔘,蓼,蜃,袗,襯,譖,譛,讖,贐,軫,酳,鍼,駸,齔,伈,侁,侲,儬,儭,兂,兓,兟,卂,嚫,囟,嬸,孞,宷,寖,寴,嵾,弫,忄,愖,挋,搢,敐,昣,曟,梣,槮,櫬,汛,溍,溱,漘,澵,濅,煁,燖,珅,珒,瑧,瑨,璡,甡,甧,眒,眕,矤,砷,祲,禛,稹,篸,紾,綅,縝,聄,胗,脤,茞,莀,莘,葠,葴,薓,薽,藎,蜄,螓,裑,襂,訠,訦,訫,訷,詵,諗,諶,讅,轃,邥,鄩,酙,鈊,鉮,鋠,靕,頣,顖,駪,鬒,魫,鮼,鱏,鱘,鱵,鵢,麎,黰,齓,𩻛,墋,渗,神,縉",180
onyomi,ニン,音読み: ニン,"壬,任,妊,忍,認,姙,荵",7
onyomi,ス,音読み: ス,"笥,須,姝,犓",4
onyomi,ズ,音読み: ズ,"図,圖,蚓",3
onyomi,スイ,音読み: スイ,"吹,垂,帥,推,水,炊,睡,粋,翠,衰,遂,酔,錐,錘,誰,穂,埀,夊,彗,悴,忰,捶,榱,燧,瘁,祟,穗,邃,粹,綏,翆,膵,萃,雖,醉,陲,隧,騅,嶊,檇,氺,璲,璻,睟,穟,箠,篅,篲,繸,臎,葰,蟕,襚,誶,諈,酻,顇,鵻,龡",59
onyomi,スウ,音読み: スウ,"崇,嵩,数,枢,趨,雛,數,樞,芻,菘,鄒,陬,鶵",13
onyomi,ハ,音読み: ハ,"頗,巴,把,播,覇,杷,波,派,琶,破,簸,坡,垪,霸,爬,玻,碆,笆,耙,菠,葩,跛,叵,吧,嘙,壩,夿,嶓,弝,欛,灞,爸,疤,皅,皤,箥,紦,蔢,譒,豝,鄱,鈀,靶,𠂢,𣠽,㶚",46
onyomi,チョウ,音読み: チョウ,"澄,鯛,丁,兆,凋,喋,寵,帖,帳,庁,弔,張,彫,徴,懲,挑,暢,朝,潮,牒,町,眺,聴,脹,腸,蝶,調,諜,超,跳,銚,長,頂,鳥,塚,蔦,吊,釣,挺,肇,佻,冢,嘲,廳,廰,悵,昶,晁,梃,漲,澂,甼,窕,糴,糶,聽,膓,萇,蜩,誂,貂,趙,輒,輙,雕,髫,鬯,鰈,齠,倀,兏,刁,呫,垗,堞,堹,奝,嬥,宨,巐,庱,怊,怗,恌,惵,扚,撐,撑,旐,晀,朓,氎,牃,琱,瑒,瓺,畼,痮,瘹,癥,睖,祧,禯,窵,竨,粻,耴,肁,肈,芀,苕,蓧,藋,蛁,裊,褺,覜,賬,跕,蹀,銸,鑃,镸,鞗,韔,餦,鮉,鮿,鰨,鰷,鵰,鼂,鼚,鼦,徵,塚,懲",137
onyomi,ライ,音読み: ライ,"瀬,来,莱,頼,雷,來,儡,徠,擂,櫑,癩,磊,籟,罍,耒,蕾,藾,賚,勑,唻,崍,棶,檑,淶,睞,礌,礧,纇,萊,襰,逨,酹,錑,鐳,靁,騋,鵣,鶆,麳,瀨,賴",41
onyomi,ゼイ,音読み: ゼイ,"税,脆,噬,毳,筮,蚋,蛻,贅,枘,汭,芮,蜹",12
onyomi,ゼツ,音読み: ゼツ,"絶,舌,焫,爇",4
onyomi,ブ,音読み: ブ,"舛,侮,撫,武,舞,葡,蕪,部,鵡,嘸,廡,憮,无,毋,錻,鵐,倵,儛,婺,嫵,橆,珷,璑,甒,碔,郶,騖,侮",28
onyomi,ゼン,音読み: ゼン,"前,善,漸,然,全,禅,繕,膳,冉,喘,禪,譱,苒,蠕,髯,冄,堧,壖,愞,橪,熯,碝,耎,蚦,蝡,輭,髥",27
onyomi,ソツ,音読み: ソツ,"卒,率,卆,埣,猝,卛,捽,椊,碿,稡,窣",11
onyomi,タ,音読み: タ,"他,多,汰,陀,詫,佗,侘,咤,夛,它,岔,沱,荼,躱,仛,偧,咃,咜,坨,垞,埵,奓,奼,媠,尮,彵,憜,扯,拕,拖,挓,搽,撾,桗,檛,沲,爹,牠,砣,粏,紽,綞,跎,跥,踷,軃,迱,酡,鈦,鍺,陁,馱,駞,鬌,鮀,鰖,鼉,吒,嚲",59
onyomi,タイ,音読み: タイ,"太,体,堆,対,耐,岱,帯,待,怠,態,戴,替,泰,滞,胎,腿,苔,袋,貸,退,逮,隊,黛,殆,垈,對,帶,擡,抬,滯,玳,紿,薹,褪,豸,躰,軆,鐓,隶,靆,頽,颱,駘,體,俀,僓,冭,坮,埭,夳,娧,尵,帒,忲,憝,搥,旲,曃,榸,檯,汏,溙,炱,瑇,磓,祋,艜,蓷,蠆,譈,跆,蹛,迨,邰,鉙,陮,隤,駾,骵,魋,鮐,黱,𠂤",83
onyomi,タン,音読み: タン,"騨,但,丹,単,嘆,坦,担,探,旦,歎,淡,湛,炭,短,端,箪,綻,耽,胆,蛋,誕,鍛,椴,灘,亶,啖,啗,單,彖,愽,慱,憚,憺,擔,摶,攤,槫,殫,毯,湍,潭,澹,猯,疸,痰,眈,站,簟,膽,蜑,袒,襌,褝,覃,譚,貪,賺,赧,鄲,酖,鐔,靼,餤,倓,僤,儋,剸,匰,啿,嗿,嘽,噉,坍,惔,撣,旵,柦,欿,氮,潬,煅,璮,瘓,癉,癱,碳,禫,窞,笪,紞,緂,耑,耼,腅,膻,菼,萏,褍,褖,襢,詀,貒,贉,趈,躭,郯,醓,醰,錟,鍴,鏄,髧,鱣,黕,黮,黵,剬,簞,驒,嘆",120
onyomi,ダイ,音読み: ダイ,"代,台,大,第,醍,題,臺,餒,奶,妳,娞,嬭,腇,褦,餧,餵,鮾,鯘,鼐",19
onyomi,ロウ,音読み: ロウ,"滝,瀧,労,廊,弄,朗,楼,榔,浪,漏,牢,狼,篭,老,聾,蝋,郎,僂,勞,咾,哢,壟,撈,朖,朧,柆,槞,樓,潦,琅,瑯,瓏,癆,窶,籠,臘,臈,莨,薐,蘢,螂,螻,踉,醪,鑞,陋,隴,儱,剅,勆,啦,嘍,嚨,埌,塿,嫏,嫪,嫽,屚,巃,廔,憥,挊,挵,摟,攏,曨,桹,棱,樃,橑,澇,爉,硠,磖,礱,稂,窂,竉,筤,耬,耮,膢,艆,蔞,蕯,蜋,蠟,誏,豅,賿,軁,轑,郒,銠,鋃,鏧,鑨,閬,壠,郞,朗",102
onyomi,タク,音読み: タク,"卓,啄,宅,托,択,拓,沢,濯,琢,託,鐸,倬,啅,戳,拆,擇,柝,澤,炸,磔,謫,鈬,乇,侂,劅,厇,坼,慆,晫,杔,桌,椓,槖,橐,沰,硺,籜,舴,蘀,襗,諑,讁,趠,跅,踱,逴,鐲,飥,馲,驝,琢",51
onyomi,ダク,音読み: ダク,"濁,諾,榒,疒",4
onyomi,タツ,音読み: タツ,"達,撻,燵,逹,闥,侻,噠,挩,掇,敠,羍,薘,裰,躂,达,鐽,哳",17
onyomi,ダツ,音読み: ダツ,"奪,脱,妲,怛,獺,韃,痆",7
onyomi,テン,音読み: テン,"辿,佃,典,填,天,展,店,添,纏,甜,貼,転,顛,点,槙,淀,傳,唸,囀,壥,奠,巓,廛,忝,恬,椽,殄,癲,碾,篆,纒,腆,覘,諂,躔,輾,轉,霑,靦,鷆,鷏,點,槇,倎,傎,囅,坫,埝,堟,塡,墊,壂,扂,捵,掂,掭,敟,晪,栝,沗,淟,湉,滇,瀍,玷,瑑,瑱,皽,碘,磌,縳,舔,舚,蕆,蜔,覥,誗,蹍,蹎,鄽,鉆,鋓,錪,鍩,闐,靛,顚,餂,驔",89
onyomi,ダン,音読み: ダン,"団,壇,弾,断,暖,檀,段,男,談,團,彈,斷,煖,葮,侽,奻,婻,戁,湳,煗,罱",21
onyomi,チ,音読み: チ,"値,知,地,弛,恥,智,池,痴,稚,置,致,蜘,遅,馳,夂,癡,穉,笞,緻,耻,胝,褫,踟,躓,輊,遲,魑,黐,黹,乿,俿,倁,坻,垁,墀,她,庤,廌,彲,彽,徝,憄,懥,摛,杝,滍,瓻,疐,眙,离,秪,稺,竾,篪,絺,芖,荎,蚳,螭,訵,赿,趍,跱,郗,阤,驇,齝",67
onyomi,チク,音読み: チク,"築,畜,竹,筑,蓄,逐,搐,滀,鄐,鱁",10
onyomi,チツ,音読み: チツ,"秩,窒,帙,膣,腟,蟄,庢,抶,挃,祑,袟,袠,豑,銍",14
onyomi,チャク,音読み: チャク,"嫡,着,劚,妰,辵,辶",6
onyomi,チョ,音読み: チョ,"樗,瀦,猪,苧,著,貯,箸,儲,佇,墸,杼,楮,潴,竚,紵,豬,躇,迢,坾,宁,摴,攄,滁,筯,篨,羜,芧,蕏,褚,詝,鋹,猪,著",33
onyomi,チョク,音読み: チョク,"勅,捗,直,飭,敕,矗,躅,陟,隲,亍,侙,徏,栻,蠋,遬",15
onyomi,ツイ,音読み: ツイ,"墜,椎,槌,追,鎚,縋,懟,桘,硾",9
onyomi,ヘイ,音読み: ヘイ,"坪,丙,併,兵,塀,幣,平,弊,柄,並,蔽,閉,陛,箆,餅,娉,嬖,屏,幤,幵,并,敝,斃,炳,睥,秉,竝,篦,聘,苹,萍,薜,閇,餠,俜,傡,媲,帲,抦,摒,昞,枰,栟,棅,椑,狴,獘,甹,睤,缾,聠,苪,荓,蓱,蛃,螕,邴,鈵,鉼,鎞,隦,鞞,鼙,倂,寎,屛,幷,甁,塀",69
onyomi,デイ,音読み: デイ,"泥,袮,坭,埿,矃,胒,臡,苨,鈮,鉨",10
onyomi,デキ,音読み: デキ,"溺,滌,惄,愵",4
onyomi,テツ,音読み: テツ,"哲,徹,撤,轍,迭,鉄,畷,姪,咥,垤,屮,耋,跌,輟,銕,錣,鐵,鐡,餮,剟,啠,喆,嚞,妷,悊,惙,戜,昳,澈,瓞,瞮,絰,耊,蜇,醊,鋨,餟,驖",38
onyomi,ト,音読み: ト,"兎,吐,堵,塗,妬,屠,徒,斗,杜,渡,菟,賭,途,都,鍍,兔,抖,樢,睹,肚,莵,蚪,蠹,蠧,覩,跿,鐺,闍,堍,妒,帾,廜,殬,涂,瘏,稌,荰,螙,酴,釷,餇,馟,都",43
onyomi,ド,音読み: ド,"努,度,土,奴,怒,呶,孥,弩,駑,伮,砮,笯,鴑",13
onyomi,トク,音読み: トク,"匿,得,徳,涜,特,督,禿,篤,悳,慝,牘,犢,黷,匵,忑,忒,棏,櫝,殰,涿,瀆,痜,碡,讟,鑟,韇,騳,德",28
onyomi,ドク,音読み: ドク,"毒,独,読,獨,讀,髑",6
onyomi,トツ,音読み: トツ,"凸,突,吶,咄,柮,肭,訥,宊,捸,揬,腯,葖,鈯,突",14
onyomi,トン,音読み: トン,"噸,屯,敦,沌,豚,遁,頓,呑,丼,暾,燉,遯,吨,啍,噋,囤,墩,弴,忳,扽,朜,涒,潡,炖,焞,畽,芚,豘,躉,魨",30
onyomi,ドン,音読み: ドン,"曇,鈍,壜,嫩,緞,罎,飩,吞",8
onyomi,ナ,音読み: ナ,"奈,那,儺,柰",4
onyomi,ナイ,音読み: ナイ,"内,乃,廼,迺",4
onyomi,メイ,音読み: メイ,"謎,冥,名,命,明,盟,迷,銘,鳴,暝,溟,瞑,螟,酩,朙",15
onyomi,ナン,音読み: ナン,"南,楠,軟,難,喃,娚,枏,腩,蝻,諵,難",11
onyomi,ニ,音読み: ニ,"二,尼,弐,弍,貳,貮,蕤",7
onyomi,ニョウ,音読み: ニョウ,"尿,遶,嬈,淖,蘘",5
onyomi,ネイ,音読み: ネイ,"寧,嚀,佞,侫,檸,濘,聹,寍,寗,甯",10
onyomi,ビョウ,音読み: ビョウ,"猫,廟,描,病,秒,苗,錨,杪,渺,眇,緲,藐,吵,庿,彯,淼,瞄,貓,輧,鶓",20
onyomi,ネツ,音読み: ネツ,"熱,捏,涅",3
onyomi,ネン,音読み: ネン,"年,念,捻,撚,燃,粘,稔,拈,棯,鯰,黏,秊,蛅,衻",14
onyomi,ヤ,音読み: ヤ,"埜,也,冶,夜,爺,耶,野,揶,椰,倻,壄,琊,鋣,鎁",14
onyomi,ノウ,音読み: ノウ,"嚢,悩,濃,納,能,脳,膿,農,惱,曩,瑙,碯,腦,匘,囊",15
onyomi,バ,音読み: バ,"婆,罵,芭,馬,碼,薔,蟇,蟆,乜,劘,哶,嗎,懡,禡,羋,藦,螞,鰢",18
onyomi,ハイ,音読み: ハイ,"俳,廃,拝,排,敗,杯,盃,牌,背,肺,輩,配,稗,吠,佩,坏,孛,廢,徘,悖,憊,拜,擺,旆,沛,湃,珮,琲,癈,碚,胚,裴,霈,伂,啡,愂,扒,捭,揹,杮,桮,梖,棑,猅,笩,箄,篺,粺,肧,茷,荖,蓓,蓜,蕟,薭,衃,裵,褙,贁,軰,邶,郥,醅,鋇,韛",65
onyomi,バク,音読み: バク,"曝,漠,爆,縛,莫,麦,寞,瀑,獏,貘,驀,麥,劰,瘼,眽,邈,鄚,鏌,霡,霢",20
onyomi,ハチ,音読み: ハチ,"八,鉢,釟,缽",4
onyomi,バツ,音読み: バツ,"伐,罰,抜,筏,閥,拔,罸,袙,帕,昩,皌,眜,睰,絈,袜",15
onyomi,バン,音読み: バン,"挽,晩,番,盤,磐,蕃,蛮,卍,悗,礬,蠻,輓,鈑,鑁,鬘,园,墁,娨,嫚,慲,梚,槾,矕,鎫,鏋,顢,晚",27
onyomi,ヒツ,音読み: ヒツ,"泌,匹,弼,必,畢,筆,拂,謐,蹕,佖,吡,嗶,弻,怭,滭,熚,珌,笔,苾,蓽,觱,邲,鞸,韠,飶,饆,馝,駜,鮅",29
onyomi,リョウ,音読み: リョウ,"菱,椋,了,亮,僚,両,凌,寮,料,梁,涼,猟,療,瞭,稜,糧,良,諒,遼,量,陵,領,倆,兩,凉,喨,寥,崚,廖,撩,暸,楞,燎,獵,簗,粱,粮,繚,聊,蔆,裲,輛,輌,鍄,鐐,鬣,魎,鷯,两,佬,俍,倰,嘹,夌,婈,尞,尦,岦,嶛,巤,廫,悢,惊,憀,憭,掕,掚,晾,樑,淩,漻,獠,璙,祾,脼,膋,蜽,蟟,躐,輘,輬,邋,錂,髎,鬛,鯪,鱲,𠈓",88
onyomi,フク,音読み: フク,"逼,伏,副,復,幅,服,福,腹,複,覆,愎,箙,茯,蔔,蝠,蝮,袱,輻,輹,鰒,偪,栿,洑,澓,畐,癁,絥,葍,虙,鵩,福",31
onyomi,ヒョウ,音読み: ヒョウ,"俵,彪,標,氷,漂,瓢,票,表,評,豹,冫,冰,凭,剽,嫖,慓,憑,殍,縹,飄,飃,飆,馮,驃,鮃,鰾,僄,凴,勡,幖,徱,慿,掤,摽,滮,灬,熛,猋,瘭,瞟,磦,翲,膘,臕,薸,藨,螵,裱,褾,錶,鏢,鑣,闝,颮,颷,飈,飇",57
onyomi,ヒン,音読み: ヒン,"品,彬,斌,浜,瀕,貧,賓,頻,牝,嬪,擯,梹,殯,濱,繽,蘋,顰,份,儐,嚬,濵,玢,玭,矉,臏,豩,豳,邠,鑌,髕,髩,鬂,賓,頻",34
onyomi,ビン,音読み: ビン,"敏,瓶,岷,愍,憫,旻,檳,泯,紊,緡,罠,閔,鬢,僶,冺,勄,姄,忞,抿,敃,暋,湣,玟,珉,窆,緍,繎,苠,袀,鰵,敏",31
onyomi,フウ,音読み: フウ,"封,楓,風,瘋,諷,偑,凮,椱,涪,渢,灃,竎,粰,紑,芣,萯,蛗,賵,鉜,鍑,靊,飌,酆",23
onyomi,フツ,音読み: フツ,"弗,払,沸,彿,怫,祓,髴,黻,乀,咈,岪,氟,甶,笰,紱,紼,綍,茀,鉘,韍,鮄",21
onyomi,ブツ,音読み: ブツ,"仏,物,佛,沕,芴",5
onyomi,フン,音読み: フン,"吻,噴,墳,憤,扮,焚,奮,粉,糞,紛,雰,刎,吩,忿,氛,汾,濆,芬,賁,僨,捴,棻,棼,燌,燓,獖,肦,蕡,蚡,豶,轒,酚,鈖,餴,饙,魵,鱝,鼖,鼢",39
onyomi,ヘキ,音読み: ヘキ,"僻,壁,癖,碧,劈,璧,甓,襞,躄,辟,闢,霹,擗,澼,躃,釽,鐴,鸊",18
onyomi,ベツ,音読み: ベツ,"別,瞥,蔑,襪,韈,鼈,幭,篾,蠛,衊,韤,龞",12
onyomi,ヘン,音読み: ヘン,"偏,変,片,篇,編,辺,返,遍,扁,變,旛,旙,汳,翩,胼,蝙,褊,諞,貶,邊,邉,駢,騙,匥,匾,囨,徧,忭,惼,拚,昪,楩,檰,汴,猵,獱,砭,箯,籩,糄,緶,艑,萹,藊,蠙,覍,賆,蹁,辡,鍽,閞,骿,鯿,鴘",54
onyomi,ベン,音読み: ベン,"便,勉,娩,弁,鞭,冕,辨,辧,卞,宀,抃,瓣,眄,辮,辯,偭,勔,愐,沔,臱,芇,閩,閺,鮸,丏,勉",26
onyomi,ホク,音読み: ホク,"北,匐,攴,攵,幞,穙,菐,菔,襆,踣,醭,鏷",12
onyomi,ボク,音読み: ボク,"僕,卜,墨,撲,朴,牧,睦,穆,木,樸,濮,默,蹼,鶩,嘿,扑,毣,濹,狇,纆,霂,墨",22
onyomi,ボツ,音読み: ボツ,"勃,没,歿,沒,渤,圽,歾,瞀,殁",9
onyomi,ホン,音読み: ホン,"奔,本,翻,夲,犇,畚,笨,坌,奙,泍,渀,湓,瓫,苯,逩",15
onyomi,ボン,音読み: ボン,"凡,盆,梵,凢,樠,穈",6
onyomi,マ,音読み: マ,"摩,磨,魔,麻,嘛,痲,擵,蔴,蘑",9
onyomi,マイ,音読み: マイ,"埋,妹,昧,枚,毎,瑁,眛,邁,每",9
onyomi,マツ,音読み: マツ,"抹,末,沫,秣,茉,靺",6
onyomi,ミ,音読み: ミ,"味,未,魅,弥,彌,敉",6
onyomi,ミツ,音読み: ミツ,"密,蜜,樒,櫁",4
onyomi,ミャク,音読み: ミャク,"脈,脉,洦",3
onyomi,ミョウ,音読み: ミョウ,"妙,茗,玅",3
onyomi,ミン,音読み: ミン,"民,眠,笽",3
onyomi,ム,音読み: ム,"務,夢,無,矛,霧,梦,夣,雺,霚",9
onyomi,メン,音読み: メン,"免,棉,綿,緬,面,麺,湎,緜,麪,靣,麵,免",12
onyomi,モ,音読み: モ,"摸,模,茂",3
onyomi,モウ,音読み: モウ,"妄,孟,毛,猛,盲,網,耗,蒙,曚,朦,檬,濛,矇,网,罔,艨,魍,甿,罒,罓,錳",21
onyomi,モク,音読み: モク,"黙,目,沐,苜",4
onyomi,モン,音読み: モン,"問,悶,紋,門,們,捫,燜,脗",8
onyomi,ヤク,音読み: ヤク,"厄,役,約,薬,訳,躍,扼,籥,葯,藥,譯,軛,鑰,阨,龠,喲,爚,礿,禴,阸,鸙,龥",22
onyomi,ユ,音読み: ユ,"愉,愈,油,癒,諭,輸,柚,由,兪,喩,楡,渝,瑜,疣,瘉,肬,腴,臾,萸,蝓,覦,諛,踰,逾,匬,呦,寙,庾,楰,毹,窬,籲,羭,茰,褕,貐",36
onyomi,ヨ,音読み: ヨ,"予,余,与,誉,輿,預,豫,歟,畭,舁,與,蕷,譽,餘,伃,妤,忬,悆,捓,旟,棜,櫲,欤,澦,狳,璵,瘀,礜,穥,艅,轝,饇,鸒,畬,畲",35
onyomi,ヨク,音読み: ヨク,"慾,抑,欲,浴,翌,翼,峪,弋,杙,翊,戫,棫,淢,瀷,緎,罭,薏,蜮,鋈,骮,廙",21
onyomi,ラ,音読み: ラ,"羅,螺,裸,薇,蘿,邏,鑼,騾,倮,儸,囉,攞,欏,玀,砢,籮,腡,臝,蓏,蠃,覶,覼,鏍,饠",24
onyomi,ラク,音読み: ラク,"洛,絡,落,酪,烙,犖,珞,駱,硌,笿,鉻,雒,韷,鵅",14
onyomi,ラン,音読み: ラン,"乱,卵,嵐,欄,濫,藍,蘭,覧,亂,儖,婪,嬾,巒,懶,攬,欒,欖,瀾,燗,爛,籃,繿,纜,羝,襤,襴,覽,醂,鑾,闌,鸞,啉,圝,惏,懢,擥,攔,斕,曫,欗,灤,爤,瓓,籣,襽,讕,躝,鑭,钄,韊",50
onyomi,リク,音読み: リク,"陸,勠,戮,淕,僇,剹,坴,磟,稑,鯥",10
onyomi,リャク,音読み: リャク,"掠,略,擽,畧,攊",5
onyomi,リョ,音読み: リョ,"侶,慮,旅,虜,膂,閭,勴,捛,擄,櫖,爈,穭,膐,藘,郘,鋁,虜",17
onyomi,リョク,音読み: リョク,"力,緑,朸,屴,泐,籙,菉,逯,醁,騄,綠",11
onyomi,ルイ,音読み: ルイ,"塁,涙,累,類,壘,泪,瘰,縲,羸,誄,厽,樏,櫐,畾,纍,纝,蔂,藟,蘽,虆,鼺,淚",22
onyomi,レキ,音読み: レキ,"暦,歴,櫟,檪,櫪,瀝,癧,礫,轢,轣,靂,厤,厯,嚦,壢,皪,磿,秝,藶,蚸,躒,鎘,曆",23
onyomi,レツ,音読み: レツ,"列,劣,烈,裂,冽,埒,埓,洌,劽,咧,姴,茢,蛚,迾,鋝",15
onyomi,ロン,音読み: ロン,"論,崙,崘,掄",4
onyomi,ワン,音読み: ワン,"椀,湾,碗,腕,彎,弯,灣,綰,剜,埦,帵,惋,捥,盌,眢,贃",16
onyomi,チュ,音読み: チュ,"丶,蛛,俋,噣,幮,拄,櫉,牏,袾,貙,邾",11
onyomi,ヘツ,音読み: ヘツ,"丿,暼,憋,撇,莂,襒,蹩,鱉,鷩",9
onyomi,ゲ,音読み: ゲ,"偈,聵,趷",3
onyomi,ベキ,音読み: ベキ,"冖,冪,幎,羃,覓,覔,覛,鼏",8
onyomi,ラツ,音読み: ラツ,"剌,喇,拉,溂,辣,垃,捋,瘌,蝲,鬎",10
onyomi,リュ,音読み: リュ,"嶐,鉚,疁",3
onyomi,ケキ,音読み: ケキ,"檄,鬩,鵙,丮,欫,毄,湨,犱,砉,綌,翟,茭,虩,赥,逷,郄,閴,鶪",18
onyomi,ヒョク,音読み: ヒョク,"溽,堛,愊,湢,皕,稫,腷,鰏",8
onyomi,ヒュウ,音読み: ヒュウ,"驫,髟,釓,釚,釻",5
onyomi,チュツ,音読み: チュツ,"黜,怵,泏,窋,絀",5
onyomi,ホツ,音読み: ホツ,"侼,昢,桲,浡,脖,艴,荸,葧,誖,鋍,餑,鵓,哱",13
onyomi,ゴン,音読み: ゴン,"唫,巘,瘒,闦",4
onyomi,ゴツ,音読み: ゴツ,"扤,杌,阢,鼿",4
onyomi,チュン,音読み: チュン,"杶,瑃,窀,輴,迍",5
kunyomi,おし,訓読み: おし,"唖,鴛,教,訓,慳,誨,啞,喑,瘂,瘖,譔",11
kunyomi,うつく,訓読み: うつく,"娃,美,妍,姚,婉,窕,伃,妗,姝,姴,婷,婻,媋,媙,嬁,瑮,藇,鎏,頔",19
kunyomi,おもね,訓読み: おもね,"阿,佞,侫",3
kunyomi,あわ,訓読み: あわ,"哀,粟,慌,淡,併,泡,沫,怜,憐,勠,并,恊,愍,澹,矜,粱,遽,醂,閔,劻,嘳",21
kunyomi,いと,訓読み: いと,"愛,絃,糸,穉,絲,綸,縷,褸,稺,綅,綹,緵",12
kunyomi,ひら,訓読み: ひら,"挨,開,啓,拓,擺,攤,豁,闢,儙,启,呿,抷,挓,諬,闓,闙",16
kunyomi,あい,訓読み: あい,"姶,藍,胥,靛",4
kunyomi,あかね,訓読み: あかね,"茜,蒐,蒨,蔳",4
kunyomi,あき,訓読み: あき,"穐,叡,倦,秋,爽,旦,奐,惘,睿,龝,飫,壡,奛,奣,斦,旿,昈,昉,昍,昑,昞,昣,昱,晀,晅,晑,晙,晠,晪,晫,晳,暛,暤,暭,暻,曂,曔,焞,焯,皥,睟,瞮,苪,遧,髛",45
kunyomi,わる,訓読み: わる,"悪,惡,慝,獰,嚚",5
kunyomi,あつ,訓読み: あつ,"渥,厚,纂,輯,集,淳,暑,鍾,篤,惇,敦,熱,亶,攅,聚,腆,萃,輳,倎,偆,僔,儧,儹,匓,卙,垕,寯,惲,懞,揪,撅,攢,暿,湻,滀,潨,瀀,烔,煆,煋,熇,稡,窀,蕹,襛,賰,輧,鄼,酇,鬷",50
kunyomi,あし,訓読み: あし,"葦,芦,脚,足,疋,葺,蘆,趺,踋",9
kunyomi,あじ,訓読み: あじ,"鯵,味,鰺",3
kunyomi,めぐ,訓読み: めぐ,"斡,恵,巡,匝,寵,徼,恤,惠,繞,遶,邏,帀,昖,昷,湋,漩,澋,縈,迊,逳",20
kunyomi,あね,訓読み: あね,"姐,姉,姊,姒,娰",5
kunyomi,あぶ,訓読み: あぶ,"虻,危,炙,炮,煬,熹,炕,炘,烊,烤,熺,膋,蝱",13
kunyomi,あめ,訓読み: あめ,"飴,雨,穹,宆,霣,餦,餳,餹",8
kunyomi,あや,訓読み: あや,"綾,怪,彪,妖,冉,恠,愆,綺,綵,黻,黼,冄,圾,彣,彧,斕,綞,臲,隉",19
kunyomi,やす,訓読み: やす,"安,休,靖,綏,佾,侒,倓,妟,宓,宖,徖,惵,懕,癉,竫,簎,訅",17
kunyomi,いおり,訓読み: いおり,"庵,菴,廜,葊",4
kunyomi,おさ,訓読み: おさ,"按,治,収,修,酋,摂,綜,納,抑,乂,佰,尹,扼,攝,收,斂,筬,脩,釐,乿,俢,僌,厤,庀,弆,戢,撙,撳,擪,敒,殮,簆,芖,醔",34
kunyomi,くら,訓読み: くら,"暗,鞍,較,庫,昏,倉,蔵,沌,比,昧,冥,峅,廩,杳,暝,曖,曚,眛,矇,祚,藏,黯,匨,厫,唼,囥,囷,夶,宬,庾,懜,昬,晻,眊,眜,睧,瞢,矒",38
kunyomi,つくえ,訓読み: つくえ,"案,机,桯,榥,檯",5
kunyomi,かれ,訓読み: かれ,"伊,渠,彼",3
kunyomi,えら,訓読み: えら,"偉,簡,豪,選,択,揀,擇,柬,鰓,拴,掄,撨,攞",13
kunyomi,かこ,訓読み: かこ,"囲,圏,喞,圈,圍",5
kunyomi,えびす,訓読み: えびす,"夷,戎,蛮,戉,狄,蠻,貊,峝",8
kunyomi,おど,訓読み: おど,"威,嚇,躍,踊,縅,踴,吓,嗋,趟",9
kunyomi,おも,訓読み: おも,"惟,思,想,面,侖,怤,恖,悕,懯,諰,靣",11
kunyomi,やさ,訓読み: やさ,"易,優,誮",3
kunyomi,おそ,訓読み: おそ,"畏,兇,恐,襲,兢,怕,恟,惧,悚,惶,惴,慴,懼,懾,晏,瞿,輓,伈,侙,咺,嘵,怵,恗,悎,慞,虩,讋,龖",28
kunyomi,こと,訓読み: こと,"異,琴,事,殊,亊,箏,筝,縡,叓,珡,琹",11
kunyomi,うつ,訓読み: うつ,"移,映,写,遷,冩,寫,徙,暎,拪,敫,迁,迻",12
kunyomi,ころも,訓読み: ころも,"衣,衲,衤,褖,襒",5
kunyomi,のこ,訓読み: のこ,"遺,鋸,残,殘",4
kunyomi,いそ,訓読み: いそ,"磯,急,礒,硪",4
kunyomi,いね,訓読み: いね,"稲,禾,稻,秥,稌",5
kunyomi,いばら,訓読み: いばら,"茨,荊,楚,棘",4
kunyomi,いも,訓読み: いも,"芋,薯,藷,蕷,莒",5
kunyomi,いわし,訓読み: いわし,"鰯,鰮,鰛",3
kunyomi,じょう,訓読み: じょう,"允,掾,叞",3
kunyomi,しるし,訓読み: しるし,"印,徽,徴,幖,徵",5
kunyomi,むせ,訓読み: むせ,"咽,哽,侅,呦,胭",5
kunyomi,ひた,訓読み: ひた,"淫,浸,涵,寖,擩,涔,漚,瀹,蘸",9
kunyomi,かげ,訓読み: かげ,"蔭,陰,影,翳,侌,庥,晷,晹,阥,隂",10
kunyomi,かく,訓読み: かく,"隠,竄,隱,乚,匽,廋,薆",7
kunyomi,からす,訓読み: からす,"烏,鴉,鵶",3
kunyomi,うかが,訓読み: うかが,"窺,伺,遉,闖,覰,覷,闚,靗",8
kunyomi,うし,訓読み: うし,"丑,牛,丒",3
kunyomi,たし,訓読み: たし,"碓,確,慥,碻",4
kunyomi,うす,訓読み: うす,"臼,薄,漓,菲,匾,恌",6
kunyomi,うず,訓読み: うず,"渦,疼,瘞,薶",4
kunyomi,うそ,訓読み: うそ,"嘘,獺,鷽",3
kunyomi,うた,訓読み: うた,"唄,欧,歌,詩,謡,歐,謌,謠,謳",9
kunyomi,うち,訓読み: うち,"蔚,内,裡",3
kunyomi,うば,訓読み: うば,"姥,奪,簒,姆,褫,娒",6
kunyomi,うまや,訓読み: うまや,"厩,廐,廏",3
kunyomi,うら,訓読み: うら,"浦,怨,憾,恨,裏,怏,惆,愇,憝,懎,懟,懭,譈,讟",14
kunyomi,はこ,訓読み: はこ,"運,箪,函,箱,凾,匣,篋,匥,匧,匭,櫝,篚,簏,匤,簞",15
kunyomi,くも,訓読み: くも,"雲,蜘,曇,昩,曀,蟱,霃",7
kunyomi,さか,訓読み: さか,"栄,逆,坂,阪,圻,榮,夆,屰,忮,阤",10
kunyomi,なが,訓読み: なが,"永,眺,長,流,曼,乁,僺,儯,兏,汭,沇,泫,湝,滮,漦,瀠,灤,磷,縯,镸,镹,隑,餑",23
kunyomi,およ,訓読み: およ,"泳,及,凡,曁,凢",5
kunyomi,するど,訓読み: するど,"鋭,兓,剡,戜,釞,釮,鋓,鋹,鏉,鏸,鑱",11
kunyomi,よろこ,訓読み: よろこ,"悦,歓,喜,欣,慶,僖,兌,忻,怡,憙,懌,懽,歡,驩,俽,兊,忔,恱,惞,慆,憘,欯,竴,衎,訢",25
kunyomi,いや,訓読み: いや,"厭,賎,卑,俚,彌,賤,陋,傖,斁,歝,卑",11
kunyomi,まる,訓読み: まる,"円,丸,圓,圜,摶,圌,輐",7
kunyomi,その,訓読み: その,"園,苑,薗,厥,囿,茆,菀",7
kunyomi,せき,訓読み: せき,"堰,関,關,埭,壩,椻,欬",7
kunyomi,おお,訓読み: おお,"奄,掩,巾,衆,碩,多,覆,蔽,丕,夛,屏,盍,稠,閹,众,伾,佬,侓,侾,俁,冡,剦,哆,嚭,夡,夿,奃,奆,奝,奯,奲,帲,廕,弇,搒,昄,晊,溱,甧,眾,笰,苠,輨,閦,陾,頇,頵,顒,駪,鬒",50
kunyomi,うたげ,訓読み: うたげ,"宴,讌,酺",3
kunyomi,ほのお,訓読み: ほのお,"炎,焔,焰,焱,燄",5
kunyomi,つばめ,訓読み: つばめ,"燕,鳦,鷰",3
kunyomi,さる,訓読み: さる,"猿,猴,丟,朅,猨,猱,猻,獼,蜼,遰",10
kunyomi,ふち,訓読み: ふち,"縁,淵,渕,渊,潯,潭,囦,緣",8
kunyomi,つや,訓読み: つや,"艶,艷,豓,豔",4
kunyomi,とお,訓読み: とお,"遠,亨,十,通,茫,逖,遐,偦,賖,趠,迵,逴,逷,邈",14
kunyomi,しお,訓読み: しお,"塩,汐,潮,鹵,鹽,鹺",6
kunyomi,おい,訓読み: おい,"於,甥,耆",3
kunyomi,けが,訓読み: けが,"汚,涜,穢,褻,黷,媟,汙,浼,瀆",9
kunyomi,くぼ,訓読み: くぼ,"凹,窪,坳,窊,窳",5
kunyomi,おく,訓読み: おく,"奥,送,贈,遅,奧,貽,遲,餽,饋,媵,寘,嶴,賵,餫,饁,贈",16
kunyomi,あた,訓読み: あた,"応,辺,与,應,沽,與,邊,邉,畀,賙",10
kunyomi,さかん,訓読み: さかん,"旺,昌,壮,属,壯,奘,屬,弉,殷,侊,傓,奭,屭,暀,氳,熀,燁,爗,芃,芣,闐,韡",22
kunyomi,なぐ,訓読み: なぐ,"殴,擲,毆",3
kunyomi,おきな,訓読み: おきな,"翁,叟,傁",3
kunyomi,ふすま,訓読み: ふすま,"襖,衾,麩,麸,麬",5
kunyomi,かもめ,訓読み: かもめ,"鴎,鷖,鷗",3
kunyomi,おか,訓読み: おか,"岡,丘,侵,犯,冒,陸,壟,奸,崗,冐,邱,隴,倰,坯,坵",15
kunyomi,おき,訓読み: おき,"沖,冲,澳,燠,澚",5
kunyomi,おぎ,訓読み: おぎ,"荻,蒹,菼,萑,蔐",5
kunyomi,むね,訓読み: むね,"臆,胸,旨,宗,棟,膺,欐",7
kunyomi,おろ,訓読み: おろ,"卸,愚,侗,婄,惛,愗,憃,憨,懝,戇,獃,疙,痬,瘒,騃",15
kunyomi,あたた,訓読み: あたた,"温,暖,嫗,煦,煖,昫,炆,煊,煗,燙,燸",11
kunyomi,おだ,訓読み: おだ,"穏,穩,怗",3
kunyomi,おと,訓読み: おと,"音,劣,耹",3
kunyomi,した,訓読み: した,"下,舌,慕,簧,丅,埝,寴,忈",8
kunyomi,かり,訓読み: かり,"仮,雁,猟,假,甸,畋,獵,藉,鴈,鳫,獠,獮",12
kunyomi,くわ,訓読み: くわ,"加,桑,鍬,詳,啣,枽,桒,鐯",8
kunyomi,よめ,訓読み: よめ,"嫁,婦,娵,媳",4
kunyomi,いえ,訓読み: いえ,"家,厦,廈",3
kunyomi,かわ,訓読み: かわ,"河,革,渇,乾,川,側,逓,皮,巛,晞,渝,躱,遞,乹,暵,汜,烜,焅,皽,韐,渴",21
kunyomi,かせ,訓読み: かせ,"稼,械,枷,綛,桛",5
kunyomi,はな,訓読み: はな,"花,華,鼻,放,離,話,葩,勶,夰,撝,芲,荂,萏,蕐,麄,麤",16
kunyomi,えび,訓読み: えび,"蝦,蛯,鰕,螧,魵",5
kunyomi,かまびす,訓読み: かまびす,"嘩,噌,呶,嗷,聒,諠,譁,讙,啉,嘈,詉,諼,韷",13
kunyomi,たから,訓読み: たから,"貨,財,宝,寶,寳,貲,寚,琛,貹,賝,賯,鈺",12
kunyomi,にわか,訓読み: にわか,"俄,頓,怱,猝,霍,驟,劦,忩,悤",9
kunyomi,けわ,訓読み: けわ,"峨,険,峻,陀,峩,嶇,嶢,嶮,隗,險,坨,塧,岏,岴,峴,崒,嵂,嵃,嶃,嶔,嶸,巃,巇,磈,磛,磪,礆,陁,崝",29
kunyomi,われ,訓読み: われ,"我,吾,咱,喒",4
kunyomi,えが,訓読み: えが,"画,描,畫",3
kunyomi,ふせ,訓読み: ふせ,"臥,禦,防,扞,捍,墇,捱",7
kunyomi,かご,訓読み: かご,"駕,輿,篭,籠,簽,籃,轎,筤,筲,箄,籝",11
kunyomi,まわ,訓読み: まわ,"回,廻,周,囘",4
kunyomi,かたまり,訓読み: かたまり,"塊,団,團",3
kunyomi,こわ,訓読み: こわ,"壊,怖,壞,悑",4
kunyomi,ひろ,訓読み: ひろ,"恢,拡,宏,広,弘,拾,氾,廣,擴,滉,瀚,闊,濶,宱,宺,懬,挄,捃,掇,摭,摳,攈,攟,沆,淼,漭,竑,肸",28
kunyomi,ふところ,訓読み: ふところ,"懐,懷,褱",3
kunyomi,いまし,訓読み: いまし,"戒,警,勅,飭,敕,箴,誡,儆,嘻,蕆,誋",11
kunyomi,あらた,訓読み: あらた,"改,灼,悛,畬,畲",5
kunyomi,うみ,訓読み: うみ,"海,溟,瀛,海",4
kunyomi,かい,訓読み: かい,"貝,哇,橈,櫂,枻,栧,蛽",7
kunyomi,がけ,訓読み: がけ,"崖,垳,崕,崔,厓,崿",6
kunyomi,なげ,訓読み: なげ,"慨,嘆,歎,唏,哭,喟,慷,慟,唈,唌,喂,嗞,嘅,忼,惋",15
kunyomi,はて,訓読み: はて,"涯,垓,漄,畡",4
kunyomi,さまた,訓読み: さまた,"碍,妨,礙,丂",4
kunyomi,ふた,訓読み: ふた,"蓋,双,二,弐,盖,葢,貳,貮,掤,盦",10
kunyomi,まち,訓読み: まち,"街,町,甼,陌",4
kunyomi,よろ,訓読み: よろ,"鎧,宜,蹣,冝,宐",5
kunyomi,むくろ,訓読み: むくろ,"骸,躯,軀",3
kunyomi,かお,訓読み: かお,"馨,顔,薫,顏,苾,蘍,㒵",7
kunyomi,かき,訓読み: かき,"垣,柿,蛎,堵,墻,牆,硴,蠣,墉,廆,柹,蠔,闤",13
kunyomi,かぎ,訓読み: かぎ,"鈎,鍵,限,勾,亅,鉤,鎰,鑰,縭",9
kunyomi,くるわ,訓読み: くるわ,"廓,郭,郛",3
kunyomi,みだ,訓読み: みだ,"撹,擾,妄,乱,濫,亂,攪,猥,紜,紊,怓,憒,懂,挭,捁,擰,涽,熳,綧,莦,薴,訬,詜,誖,鬙",25
kunyomi,から,訓読み: から,"殻,韓,辛,唐,絡,搦,殼,辣,鹹,壳,楎,繯,醎",13
kunyomi,おぼ,訓読み: おぼ,"覚,没,沒,湎,覺,覐,闝",7
kunyomi,かど,訓読み: かど,"角,門,楞",3
kunyomi,まな,訓読み: まな,"学,學,斈,斅",4
kunyomi,たけ,訓読み: たけ,"岳,丈,竹,武,嶽,筀,筇,筠,筪,箖,箠,箶,箺,箽,篔,簬,簹,籛",18
kunyomi,たの,訓読み: たの,"楽,愉,頼,怙,恃,樂,馮,倇,忋,忭,恀,悰,愷,憪,昪",15
kunyomi,あご,訓読み: あご,"顎,腮,顋,齶,腭,頜,頦",7
kunyomi,かさ,訓読み: かさ,"笠,傘,嵩,套,痂,疽,瘍,瘡,仐,佹,痜,瘙,癤,簦,貤",15
kunyomi,かし,訓読み: かし,"樫,橿,槝,爨,櫧",5
kunyomi,かじ,訓読み: かじ,"梶,柁,舵,囓,楫,榜,齧,柂,槳,檝,牓",11
kunyomi,かた,訓読み: かた,"潟,型,形,堅,肩,固,語,硬,難,方,牢,糢,騙,侄,凷,劧,嚕,嬛,孯,嵪,怘,掔,楥,橅,殭,睺,砎,砝,硈,臤,訔,鈵,鑙,鞕",34
kunyomi,くく,訓読み: くく,"括,兗,稛",3
kunyomi,すべ,訓読み: すべ,"滑,術,惣,渾,辷,揔,綂",7
kunyomi,くさび,訓読み: くさび,"轄,楔,槢,櫼,舝,軏,輗,錧,鎋",9
kunyomi,かな,訓読み: かな,"叶,哉,奏,適,悲,諧,勰,怊,悢,悷,惊,慬",12
kunyomi,かぶと,訓読み: かぶと,"兜,冑,胄",3
kunyomi,かまど,訓読み: かまど,"竃,竈,灶,烓,煁,窹",6
kunyomi,かま,訓読み: かま,"釜,鎌,缶,構,窯,冓,窰,罐,釡,鑵,构,窑,缻,鈘,鈼,銍,銼,錪,鍑,鍗,鍥,鍪,鏺,鐮,鑊,鬴,鬹",27
kunyomi,かも,訓読み: かも,"鴨,醸,酎,醗,釀,醞,醱",7
kunyomi,かしわ,訓読み: かしわ,"栢,膳,柏,槲,饍",5
kunyomi,かや,訓読み: かや,"茅,萱,榧,蕿,藼,蘐",6
kunyomi,かゆ,訓読み: かゆ,"粥,痒,癢,鬻,餬,俼,飦,餗,饘",9
kunyomi,かわら,訓読み: かわら,"瓦,甓,磧,磚,塼",5
kunyomi,つよ,訓読み: つよ,"侃,毅,強,彊,倔,勁,勍,侼,倞,傹,劜,劥,劯,勆,勜,弜,憠,鏻",18
kunyomi,かんむり,訓読み: かんむり,"冠,弁,冕",3
kunyomi,さむ,訓読み: さむ,"寒,凄,冼,凓,泂,澟,凊",7
kunyomi,すす,訓読み: すす,"勧,奨,晋,進,薦,濯,煤,侑,勸,啜,嗽,奬,慂,慫,晉,歃,洒,獎,陟,丨,乵,偂,儐,兟,冿,劷,勪,夵,徏,惥,涑,炱,趐,逘,饈,騤",36
kunyomi,わめ,訓読み: わめ,"喚,諤,嚄,嚷,讍",5
kunyomi,かん,訓読み: かん,"姦,燗,緘",3
kunyomi,わずら,訓読み: わずら,"患,煩,嬈,諉",4
kunyomi,たに,訓読み: たに,"澗,渓,谷,壑,峪,溪,谿,嵠,嶰,磎,礀,陘",12
kunyomi,そそ,訓読み: そそ,"潅,唆,注,沃,漑,灌,澆,濺,灑,汛,洎,酹",12
kunyomi,あま,訓読み: あま,"甘,尼,余,塰,蜑,餘",6
kunyomi,さお,訓読み: さお,"竿,棹,篙",3
kunyomi,くだ,訓読み: くだ,"管,砕,摧,瀉,碎",5
kunyomi,ゆる,訓読み: ゆる,"緩,許,赦,恕,俆,勨,嬗,紓,繟,跅,逌",11
kunyomi,はね,訓読み: はね,"翰,翅,翈,翎",4
kunyomi,きも,訓読み: きも,"肝,胆,膽,膻",4
kunyomi,いさ,訓読み: いさ,"諌,勇,諫,仡,勈,恿,惈,諗",8
kunyomi,つらぬ,訓読み: つらぬ,"貫,擐,毌",3
kunyomi,かえ,訓読み: かえ,"還,帰,却,返,卻,孵,栲,歸,皈,繳",10
kunyomi,かんが,訓読み: かんが,"鑑,稽,考,攷,鑒,鍳",6
kunyomi,ふく,訓読み: ふく,"含,膨,咁,唅,唵,嗛,噆,欨,袚,飂,飅,龡,噓",13
kunyomi,きし,訓読み: きし,"岸,垠,墺,軋,輾",5
kunyomi,いわ,訓読み: いわ,"巌,岩,祝,磐,嵒,巖,曰,矤,碞,訠",10
kunyomi,もてあそ,訓読み: もてあそ,"翫,捓,謅",3
kunyomi,ねが,訓読み: ねが,"願,覦,寗,懩,甯",5
kunyomi,わざ,訓読み: わざ,"伎,技,業,態",4
kunyomi,うつわ,訓読み: うつわ,"器,噐,斝,璉,盨,鋐,鍉,鑨,器",9
kunyomi,もと,訓読み: もと,"基,求,元,素,本,剌,夲,很,悖,愎,狠,覓,佷,倄,傟,啇,墏,婞,悻,愂,攼,欿,盶,紾,覔,迀",26
kunyomi,うれ,訓読み: うれ,"嬉,愁,憂,悄,卹,忉,忡,忳,惔,惙,惸,愪,愵,慁,慼,賉",16
kunyomi,まれ,訓読み: まれ,"希,稀,罕",3
kunyomi,ふる,訓読み: ふる,"揮,旧,古,震,奮,慄,掉,篩,舊,顫,簁,簌,簛,籭,縕",15
kunyomi,はた,訓読み: はた,"旗,機,秦,幡,畑,幢,旃,旆,旛,旙,礑,籏,帾,旂,旟,簱",16
kunyomi,いき,訓読み: いき,"気,粋,息,气,氣,粹,啍,噯,炁,呬",10
kunyomi,みやこ,訓読み: みやこ,"畿,京,都,亰,都",5
kunyomi,いの,訓読み: いの,"祈,祷,禱",3
kunyomi,しる,訓読み: しる,"記,汁,録,糔",4
kunyomi,かがや,訓読み: かがや,"輝,耀,焜,燿,倝,煜,熿",7
kunyomi,かめ,訓読み: かめ,"亀,瓶,瓷,甕,缸,龜,堈,瓨,瓴,瓺,瓻,瓿,甆,甒,甾,罇,鐳,甁",18
kunyomi,いつわ,訓読み: いつわ,"偽,詐,佯,僞,詭,譎,匫,蓌,訏,諔,謊,譂,譃",13
kunyomi,たわむ,訓読み: たわむ,"戯,戲,謔,啁,娭,嫽,悝",7
kunyomi,まが,訓読み: まが,"擬,紆,禍",3
kunyomi,あざむ,訓読み: あざむ,"欺,紿,詒,謾,倛,諆",6
kunyomi,いけにえ,訓読み: いけにえ,"犠,犧,牷",3
kunyomi,うたが,訓読み: うたが,"疑,惢,謟",3
kunyomi,よしみ,訓読み: よしみ,"誼,媾,竩",3
kunyomi,よし,訓読み: よし,"吉,由,葭",3
kunyomi,ども,訓読み: ども,"吃,吶,訥,謇,咹,唫",6
kunyomi,きぬた,訓読み: きぬた,"砧,碪,矸",3
kunyomi,きび,訓読み: きび,"黍,峭,禝,稷,伋,嗃,絿",7
kunyomi,あだ,訓読み: あだ,"仇,讐,冦,婀,寇,綽,讎,宼",8
kunyomi,すく,訓読み: すく,"救,匡,少,丞,拯,竦,贍,匀,匩,氶",10
kunyomi,たま,訓読み: たま,"球,給,玉,偶,珪,珠,霊,瑰,瑶,璧,瓊,賚,靈,瑤,灵,玘,玜,玢,珒,珖,珝,珣,珹,珻,琄,琦,琪,琭,瑧,瑭,璠,璣,璮,璹,瓌,瓘,貺,贛,霛",39
kunyomi,きわ,訓読み: きわ,"究,窮,極,際,倪,忓,竆",7
kunyomi,ただ,訓読み: ただ,"糾,正,只,但,直,訂,董,唯,啻,爛,糜,糺,佖,儨,揳,殨,湏,爤,竌,諟,贗,鉩,靕,韙,頊,頙",26
kunyomi,むな,訓読み: むな,"虚,廫,忐,忑,盅,罄,虗",7
kunyomi,あさ,訓読み: あさ,"漁,浅,朝,麻,晁,淺,旴,昕,絜,蔴,謭,譾",12
kunyomi,そな,訓読み: そな,"供,具,備,饌,僃,僎,僝,餚,龔",9
kunyomi,きそ,訓読み: きそ,"競,竸,埆",3
kunyomi,とも,訓読み: とも,"共,倶,朋,友,侶,艢,艫,舮,鞆,傰,捛,艄",12
kunyomi,きみ,訓読み: きみ,"卿,君,辟",3
kunyomi,さけ,訓読み: さけ,"叫,号,鮭,酒,喊,嚆,號,嘑,嚝,諕,譹,趯,鱖",13
kunyomi,たか,訓読み: たか,"喬,尭,高,鷹,岌,巍,敞,魏,堯,僘,卲,嵟,嵺,嶫,慸,肦,軇,陮,髜,鷞",20
kunyomi,さかい,訓読み: さかい,"境,堺,畍,疆,坫,埸,墈,畺,疅",9
kunyomi,はざま,訓読み: はざま,"峡,硲,峽",3
kunyomi,ひる,訓読み: ひる,"怯,昼,蛭,晝,蜞",5
kunyomi,うやうや,訓読み: うやうや,"恭,顓,顗",3
kunyomi,はさ,訓読み: はさ,"挟,夾,挾,搢,敧",5
kunyomi,はし,訓読み: はし,"橋,走,端,箸,奔,赱,勷,槗,筯,筷,耑,虡,趹,运,逛,逩,逬,颿,駧,駾,騳,驋",22
kunyomi,くる,訓読み: くる,"狂,苦,偬,猖,伌,倀,倊,傯,怳,愱,憥,獝,瘈,瘹,眯,繅",16
kunyomi,せま,訓読み: せま,"狭,拶,迫,逼,狹,褊,遒,逎,阨,陜,隘,齪,偪,劸,勥,惼,戹,笮,阸,陿,齱",21
kunyomi,おびや,訓読み: おびや,"脅,劫,刧,剽,愶,脋",6
kunyomi,おこ,訓読み: おこ,"興,勃,熾,噁,慉,浡,艴",7
kunyomi,さと,訓読み: さと,"郷,悟,聡,諭,里,嶷,惺,聰,閭,黠,埡,忢,泠,聦,閈,鄕",16
kunyomi,ひび,訓読み: ひび,"響,皴,皸,皹,罅,响,轔,轞,響",9
kunyomi,おどろ,訓読み: おどろ,"驚,愕,駭,傽,啐,忪,戃,戄,駴",9
kunyomi,あお,訓読み: あお,"仰,青,煽,蒼,呷,佒,厃",7
kunyomi,きり,訓読み: きり,"桐,錐,霧,鍴,雺,霚",6
kunyomi,つと,訓読み: つと,"勤,孜,努,勉,務,劭,勗,苴,苞,亹,伮,僶,劰,劶,勀,勌,勏,勔,勖,勬,勱,忞,愐,敃,暋,辦,勤",27
kunyomi,なら,訓読み: なら,"均,習,楢,倣,傚,嫺,嫻,肄,駢,俲,僓,忲,摜,秝,臹",15
kunyomi,つつし,訓読み: つつし,"欽,謹,粛,慎,恪,愨,愿,愼,祗,齋,肅,虔,叀,姞,孨,忯,惕,愙,憼,戁,捒,毖,碏,臫,龏",25
kunyomi,とり,訓読み: とり,"禽,鳥,酉,隹,丣",5
kunyomi,すじ,訓読み: すじ,"筋,線,脈,綫,脉,竻,觔",7
kunyomi,せり,訓読み: せり,"芹,糶,斳",3
kunyomi,えり,訓読み: えり,"衿,襟,領,襮,魞",5
kunyomi,ちか,訓読み: ちか,"近,誓,迩,邇",4
kunyomi,かね,訓読み: かね,"金,矩,鉦,鐘,釛,鈊,鋆,鍽",8
kunyomi,しろがね,訓読み: しろがね,"銀,璙,鋈",3
kunyomi,いぬ,訓読み: いぬ,"狗,犬,戌,獒,獹",5
kunyomi,こま,訓読み: こま,"駒,狛,困,齣",4
kunyomi,そら,訓読み: そら,"空,昊,諳,諷,霄,昦",6
kunyomi,すみ,訓読み: すみ,"隅,炭,墨,陬,侚,寁,遬,墨",8
kunyomi,くず,訓読み: くず,"屑,崩,頽,嵭,隳",5
kunyomi,かが,訓読み: かが,"屈,傴,僂,暉,曄,縢,傛,跔,踠,踡",10
kunyomi,くつ,訓読み: くつ,"沓,靴,鞜,屨,縀,躧,靸,鞾,韗",9
kunyomi,くつわ,訓読み: くつわ,"轡,銜,勒,衘,鑣",5
kunyomi,くま,訓読み: くま,"熊,隈,嵎,隩",4
kunyomi,いさお,訓読み: いさお,"勲,功,勣,勳,勛",5
kunyomi,いくさ,訓読み: いくさ,"軍,師,戦,戰",4
kunyomi,こおり,訓読み: こおり,"郡,氷,冫,冰",4
kunyomi,かか,訓読み: かか,"係,掲,拘,嬶,罹,偓,掦,揎",8
kunyomi,かたむ,訓読み: かたむ,"傾,昃,夨,昳,觭,攲",6
kunyomi,あに,訓読み: あに,"兄,哥,豈,晜",4
kunyomi,みち,訓読み: みち,"径,途,道,廸,徑,衢,蹊,迪,逕,闡,隧,噵,涂,衑,衜,衟",16
kunyomi,さとい,訓読み: さとい,"慧,哲,敏,倢,勄,啠,恔,愰,憭,懏,詇,詝,諝",13
kunyomi,いこ,訓読み: いこ,"憩,偈,憇,愒,禌",5
kunyomi,たずさ,訓読み: たずさ,"携,攜,擕",3
kunyomi,うやま,訓読み: うやま,"敬,匑,悊",3
kunyomi,かつら,訓読み: かつら,"桂,蘰,鬘,楿",4
kunyomi,あぜ,訓読み: あぜ,"畦,畔,畛,塍,畻",5
kunyomi,つな,訓読み: つな,"繋,綱,婁,娄,敽,汸,紼,縶,繫,馽",10
kunyomi,くき,訓読み: くき,"茎,莖,莛",3
kunyomi,ほたる,訓読み: ほたる,"蛍,螢,蚈",3
kunyomi,はか,訓読み: はか,"計,諮,測,墓,謀,量,仞,仭,塋,忖,揣,詢,謨,銓,坆,塸,彠,挍,掂,敠,斠,肁,肈,邡",24
kunyomi,かる,訓読み: かる,"軽,剤,佻,劑,嫖,輕,僄,徱,輏,輶",10
kunyomi,くび,訓読み: くび,"頚,首,縊,跟,頸",5
kunyomi,にわとり,訓読み: にわとり,"鶏,鷄,雞",3
kunyomi,むか,訓読み: むか,"迎,邀,俉,迓",4
kunyomi,ほこ,訓読み: ほこ,"戟,誇,鉾,矛,戈,戛,戞,桙,槊,戣,矟,矠,祋,詡,鉇,鏦,鐗",17
kunyomi,はげ,訓読み: はげ,"激,励,烈,勵,懁",5
kunyomi,すき,訓読み: すき,"隙,犂,犁,耜,杴,枱,梩,耝,鈐,鉏,鉡,鉵,鋘,錤,鍤,鐱,钃,隟",18
kunyomi,すぐ,訓読み: すぐ,"傑,駿,儁,杰,雋,倜,偙,僀",8
kunyomi,あな,訓読み: あな,"穴,孔,坎,壙,竅,竇,坅,壢,穵,窞,竉,軹,阬,阱",14
kunyomi,むす,訓読み: むす,"結,匊,餴,饙",4
kunyomi,つき,訓読み: つき,"月,槻,坏,欟,殫",5
kunyomi,つま,訓読み: つま,"倹,妻,儉,褄,媐,掐,揸",7
kunyomi,すこ,訓読み: すこ,"健,傄,徤",3
kunyomi,つるぎ,訓読み: つるぎ,"剣,劍,劔,劒,剱,釼",6
kunyomi,やかま,訓読み: やかま,"喧,嚅,謷,霅",4
kunyomi,しら,訓読み: しら,"検,精,調,檢,覈",5
kunyomi,たてまつ,訓読み: たてまつ,"献,奉,獻,奒",4
kunyomi,きぬ,訓読み: きぬ,"絹,帛,幜,紦,緭,縑,繒",7
kunyomi,かしこ,訓読み: かしこ,"賢,俐,儇,囜,譓,贒",6
kunyomi,のき,訓読み: のき,"軒,宸,檐,樀",4
kunyomi,つか,訓読み: つか,"遣,仕,使,塚,掴,杷,疲,埠,冢,劬,憊,拏,拿,瘁,羸,閊,伻,俜,埌,埰,墦,捽,摑,梲,欛,殢,癃,緱,苶,𣠽,塚",31
kunyomi,あきらか,訓読み: あきらか,"顕,晃,亮,瞭,冏,杲,晄,晤,晟,晢,晰,暸,曠,昿,渙,炯,烱,炳,煥,顯,囧,賋",22
kunyomi,あかし,訓読み: あかし,"験,証,證,驗,騐",5
kunyomi,はら,訓読み: はら,"原,妊,腹,払,姙,孕,拂,祓,禳,肚,襄,厡,摒,祛,釩",15
kunyomi,おごそ,訓読み: おごそ,"厳,嚴,噩",3
kunyomi,つる,訓読み: つる,"弦,鶴,寉,靎,靏,魡,鶮,鸖",8
kunyomi,みなもと,訓読み: みなもと,"源,厵,沅,渞",4
kunyomi,くろ,訓読み: くろ,"玄,黒,緇,黎,黔,泑,黧,黬,黮,黸",10
kunyomi,あらわ,訓読み: あらわ,"現,著,炅,皛",4
kunyomi,のり,訓読み: のり,"糊,法,笵,帠",4
kunyomi,はかま,訓読み: はかま,"袴,絝,褰",3
kunyomi,また,訓読み: また,"股,跨,叉,復,亦,俣,又,椏,殳,胯,孋,脵",12
kunyomi,なんぞ,訓読み: なんぞ,"胡,奚,曷,詎",4
kunyomi,とら,訓読み: とら,"虎,囚,捉,寅,擒,乕,搤,虝",8
kunyomi,やと,訓読み: やと,"雇,傭,僱",3
kunyomi,かえり,訓読み: かえり,"顧,省,眄,眷,慻,睠",6
kunyomi,つづみ,訓読み: つづみ,"鼓,皷,鼔",3
kunyomi,たが,訓読み: たが,"互,畊,箍,咈,笟",5
kunyomi,うま,訓読み: うま,"午,甜,馬,駔",4
kunyomi,あやま,訓読み: あやま,"誤,謝,謬,繆,悂,悞,詿",7
kunyomi,まも,訓読み: まも,"護,守,掫,衞,垨",5
kunyomi,まじ,訓読み: まじ,"交,雑,爻,蠱,襍,雜",6
kunyomi,こう,訓読み: こう,"佼,梱,姜,薨,匃,馦",6
kunyomi,ひか,訓読み: ひか,"光,控,曎,灮,炗,炫,烑,玓",8
kunyomi,のど,訓読み: のど,"喉,吭,臙,頏,嗌,嗓,噲,嚨",8
kunyomi,あか,訓読み: あか,"垢,赤,淦,絳,兤,圿,彤,焃,爀,絀,赥,赩,赬,赮,酡,頳,黕",17
kunyomi,たく,訓読み: たく,"巧,托,燀,踔",4
kunyomi,ちまた,訓読み: ちまた,"巷,垙,衖",3
kunyomi,さいわ,訓読み: さいわ,"幸,祥,禎,禄,祺,祿,禧,嘏,礽,祜,祹,禑,禔",13
kunyomi,つね,訓読み: つね,"恒,常,彝,彜,恆,彛,恇,每",8
kunyomi,さら,訓読み: さら,"更,皿,晒,曝,攫,浚,渫,濬,盒,曬,爴",11
kunyomi,くい,訓読み: くい,"杭,懺,懴,杙,栱,椵,樁,橛,牁",9
kunyomi,おおき,訓読み: おおき,"浩,傀,厖,澔",4
kunyomi,みなと,訓読み: みなと,"港,湊,凑",3
kunyomi,みぞ,訓読み: みぞ,"溝,洫,圳,涇,甽,畎",6
kunyomi,わら,訓読み: わら,"稿,笑,穣,藁,哂,嗤,稈,稾,穰,咍,歒,秸,稧,稭,繥,藳",16
kunyomi,ぬか,訓読み: ぬか,"糠,糟,倥,濘,粐,穅,粇,糩",8
kunyomi,しぼ,訓読み: しぼ,"絞,搾,凋,蔫",4
kunyomi,たがや,訓読み: たがや,"耕,畉,俋,圣,垡,埩,畇,耖,耠",9
kunyomi,あぶら,訓読み: あぶら,"膏,脂,油,腴,膩,臊",6
kunyomi,みつ,訓読み: みつ,"貢,愑,賨",3
kunyomi,あらがね,訓読み: あらがね,"鉱,砿,礦,鑛,磺,釙,鎀,鏷",8
kunyomi,はがね,訓読み: はがね,"鋼,鉅,鑌",3
kunyomi,おおとり,訓読み: おおとり,"鴻,鵬,凰,鷟",4
kunyomi,ほり,訓読み: ほり,"壕,濠,堀,塹,隍,壍",6
kunyomi,とどろ,訓読み: とどろ,"轟,軣,輷",3
kunyomi,こうじ,訓読み: こうじ,"麹,糀,麯,麴",4
kunyomi,きざ,訓読み: きざ,"刻,兆,剞,雕,彔,栔,鋕,鋟,鑯,鵰",10
kunyomi,くに,訓読み: くに,"国,邦,圀,國,囶",5
kunyomi,こしき,訓読み: こしき,"甑,轂,甗,鉹,鎦,鐂,鬳",7
kunyomi,ほね,訓読み: ほね,"骨,荕,骴",3
kunyomi,これ,訓読み: これ,"此,是,寔,昰",4
kunyomi,ころ,訓読み: ころ,"頃,殺,転,劉,戮,轉,轆,刘,剹,戕,殛,煞",12
kunyomi,つち,訓読み: つち,"坤,壌,椎,槌,鎚,土,壤,堃,塿,桘,墋",11
kunyomi,あと,訓読み: あと,"痕,跡,蹟,址,墟,趾,蹤,踪,迹,阯,圴",11
kunyomi,すな,訓読み: すな,"沙,砂,磠",3
kunyomi,みが,訓読み: みが,"瑳,琢,磨,磋,揅,碿,鋥,鋿,鎣",9
kunyomi,くさり,訓読み: くさり,"鎖,鏈,鐺,鋂,鏁",5
kunyomi,くじ,訓読み: くじ,"挫,籤,籖,鬮",4
kunyomi,もっと,訓読み: もっと,"最,尤,冣",3
kunyomi,ふさ,訓読み: ふさ,"塞,房,堙,壅,悒,錮,雍,咉,垔,茀,逄,陻",12
kunyomi,とし,訓読み: とし,"歳,年,亗,秊",4
kunyomi,わざわ,訓読み: わざわ,"災,灾,烖,祅,訞",5
kunyomi,とりで,訓読み: とりで,"砦,塁,堡,壘,寨,壔,畾",7
kunyomi,まつ,訓読み: まつ,"祭,松,纏,枩,枌,祀,竢,纒,儝,柗,梥,祫,禋,醊,醮,餟",16
kunyomi,とき,訓読み: とき,"斎,時,鴇,閧,鬨,鴾,旹,鵇",8
kunyomi,つみ,訓読み: つみ,"罪,辜,辠,辥",4
kunyomi,さき,訓読み: さき,"崎,埼,碕,先,嵜,曩,﨑",7
kunyomi,つく,訓読み: つく,"作,創,造,殲,殱,竭,鏗,刅,戧,突",10
kunyomi,けず,訓読み: けず,"削,刪,刓,刨,剗,剜,剟,剷,劀,劂,劘,釗,鎊",13
kunyomi,ささ,訓読み: ささ,"笹,支,捧,厔,挶,搘,撐,撑,擎,漳",10
kunyomi,さじ,訓読み: さじ,"匙,匕,柶",3
kunyomi,ふみ,訓読み: ふみ,"冊,典,文,册,泐",5
kunyomi,ふだ,訓読み: ふだ,"札,牒,槧,箋",4
kunyomi,さば,訓読み: さば,"鯖,捌,儸,讞,鮄",5
kunyomi,さび,訓読み: さび,"錆,寂,淋,寞,寥,銹,鏥,鉎,鏽",9
kunyomi,さめ,訓読み: さめ,"鮫,鯊,魦,鮻,鱁",5
kunyomi,まい,訓読み: まい,"参,舛,剃,參,叅",5
kunyomi,やま,訓読み: やま,"山,岾,疚,岵",4
kunyomi,そろ,訓読み: そろ,"算,斉,揃,齊,亝,斊,砡",7
kunyomi,かいこ,訓読み: かいこ,"蚕,蠶,蝅,蠺",4
kunyomi,たす,訓読み: たす,"賛,助,毘,弼,扶,輔,佑,祐,幇,掖,贊,伒,佋,俌,倗,勴,帮,幫,弻,挋,撛,祄",22
kunyomi,はじ,訓読み: はじ,"始,初,肇,甫,剏,忸,愧,慙,慚,羞,乨,僇,僯,兘,刱,媿,怍,恧,抨,聭,覥,謑",22
kunyomi,ほどこ,訓読み: ほどこ,"施,嚫,徝,憄",4
kunyomi,えだ,訓読み: えだ,"枝,条,朶,條,杈",5
kunyomi,しし,訓読み: しし,"獅,宍,肉",3
kunyomi,かみ,訓読み: かみ,"紙,神,髪,帋,髮,鬀,龗,神",8
kunyomi,いた,訓読み: いた,"至,戚,致,痛,悼,到,板,俎,怛,恫,悵,惻,摯,臻,儭,搐,洊,痌,痠,臵,臸,蕜,衋,迨,郅,齭",26
kunyomi,こころ,訓読み: こころ,"試,心,忄,恉",4
kunyomi,よわい,訓読み: よわい,"歯,齢,齒,秢",4
kunyomi,あざ,訓読み: あざ,"字,鮮,痣,她,玼,璱,紑,緂",8
kunyomi,てら,訓読み: てら,"寺,衒,詅",3
kunyomi,いつく,訓読み: いつく,"慈,侎,偢,憓,祾",5
kunyomi,なんじ,訓読み: なんじ,"爾,汝,尓,伱,你,儞,您",7
kunyomi,しめ,訓読み: しめ,"示,湿,濕,鴲",4
kunyomi,しか,訓読み: しか,"鹿,叱,然,咤,聢,訶,咜,哬,譙,𠮟,𢈘",11
kunyomi,むろ,訓読み: むろ,"室,榁,窩",3
kunyomi,うるし,訓読み: うるし,"漆,柒,桼,髤,髹",5
kunyomi,はや,訓読み: はや,"疾,捷,早,速,囃,湍,僤,儵,戫,淢,翛,适,鮋,鯈,鰦,鰷",16
kunyomi,たち,訓読み: たち,"質,貭,劕",3
kunyomi,しの,訓読み: しの,"篠,偲,忍,凌,筱,夌,簳,蓧,筿",9
kunyomi,しば,訓読み: しば,"柴,芝,縛,樕",4
kunyomi,しばしば,訓読み: しばしば,"屡,亟,屢,焏,遄",5
kunyomi,しべ,訓読み: しべ,"蕊,蘂,蕋",3
kunyomi,しま,訓読み: しま,"縞,洲,島,嶋,嶌,嶼,陦,嶹,陼,隝,隯",11
kunyomi,やど,訓読み: やど,"舎,宿,舍",3
kunyomi,もの,訓読み: もの,"者,物,者",3
kunyomi,くるま,訓読み: くるま,"車,俥,輅",3
kunyomi,さえぎ,訓読み: さえぎ,"遮,攔,迣,迾",4
kunyomi,へび,訓読み: へび,"蛇,它,虵",3
kunyomi,さし,訓読み: さし,"尺,緡,緍",3
kunyomi,とく,訓読み: とく,"釈,釋,挩,訷",4
kunyomi,すず,訓読み: すず,"錫,涼,鈴,凉,鑾,鈸",6
kunyomi,わか,訓読み: わか,"若,判,別,夭,嫩,仳,另,晆,誃",9
kunyomi,よわ,訓読み: よわ,"弱,嬬,孱,懦,齡,俀,愞,懧,耎",9
kunyomi,ひも,訓読み: ひも,"綬,紐,紃,紞,紱,繸,鋬",7
kunyomi,くさ,訓読み: くさ,"臭,草,腐,卉,艸,苡,莽,臰,芔,芷,苢,莾,菏,葜,鮾,鯘,臭",17
kunyomi,ふね,訓読み: ふね,"舟,船,槽,舩,舸,艘,舡,舺,艆,艋,艎,艏,艧",13
kunyomi,むく,訓読み: むく,"酬,報,椋,棶,酧,酭,醻",7
kunyomi,みにく,訓読み: みにく,"醜,魌,魗",3
kunyomi,したが,訓読み: したが,"従,遜,隷,从,啝,從,扈,隸,傔,叒,巹,拼,繇,跰",14
kunyomi,やわ,訓読み: やわ,"柔,軟,穆,和,俰,冾,凞,愔,濈,秚,脜,諴,諿,雝,韸,龢",16
kunyomi,しぶ,訓読み: しぶ,"渋,澁,澀,歮,歰",5
kunyomi,けもの,訓読み: けもの,"獣,獸,虒,貐,貙",5
kunyomi,たて,訓読み: たて,"縦,楯,盾,竪,縱,豎",6
kunyomi,つつ,訓読み: つつ,"銃,筒,包,勹,坡,裹,圩,坥,埞,埧,堌,堹,帕,絈,葤,蔪,錔,隁,隄,隖,鼙",21
kunyomi,はる,訓読み: はる,"春,遥,遙",3
kunyomi,またた,訓読み: またた,"瞬,眨,眴,瞚",4
kunyomi,うるお,訓読み: うるお,"潤,沾,霑,汋,浞,浥,溻,澍,濅",9
kunyomi,もっぱら,訓読み: もっぱら,"醇,嫥,醕",3
kunyomi,ところ,訓読み: ところ,"処,所,處,攸",4
kunyomi,なぎさ,訓読み: なぎさ,"渚,沚,瀲,坻,澰,渚",6
kunyomi,もろ,訓読み: もろ,"諸,脆,脃,脺,諸",5
kunyomi,つい,訓読み: つい,"叙,序,費,敍,敘",5
kunyomi,のぞ,訓読み: のぞ,"除,覗,望,臨,覘,卬,忺,涖,蒞,闞",10
kunyomi,きず,訓読み: きず,"傷,築,疵,痍,瘢,痆,瘌",7
kunyomi,たくみ,訓読み: たくみ,"匠,倆,匞",3
kunyomi,ます,訓読み: ます,"升,鱒,桝,枡,桀,匬,埤,賆,賸,鮅,增",11
kunyomi,あきな,訓読み: あきな,"商,估,賈",3
kunyomi,とな,訓読み: とな,"唱,隣,倡,誦,鄰,厸,誯",7
kunyomi,かつ,訓読み: かつ,"嘗,曾,曽,担,剋,尅,戡,擔,甞,夯,掮,搩,旔",13
kunyomi,よい,訓読み: よい,"宵,懿,臧,傪,哿,媺,嬥,毣,禕,羏,葸",11
kunyomi,まさ,訓読み: まさ,"将,柾,將,橸,傊",5
kunyomi,ちい,訓読み: ちい,"小,仯,佌",3
kunyomi,なお,訓読み: なお,"尚,猶,犹,矗",4
kunyomi,のぼ,訓読み: のぼ,"昇,登,躋,陞,隲,僜,斘,曻,歊,竎,隮",11
kunyomi,こずえ,訓読み: こずえ,"梢,杪,桻",3
kunyomi,くす,訓読み: くす,"樟,楠,熏,燻,攊,枏",6
kunyomi,わた,訓読み: わた,"渉,渡,棉,綿,亙,亘,絮,緜,砅,镾",10
kunyomi,たた,訓読み: たた,"称,畳,叩,扣,敲,疊,疉,疂,祟,稱,叠,噋,搞,撽,椓,毃,穪",17
kunyomi,ひしお,訓読み: ひしお,"醤,醢,脠,臡,醓,醬",6
kunyomi,さわ,訓読み: さわ,"障,騒,沢,噪,澤,譟,躁,隰,騷,喿,汧",11
kunyomi,さや,訓読み: さや,"鞘,莢,袟,鞞",4
kunyomi,しろ,訓読み: しろ,"城,白,皓,皙,皚,凒,皠,皢,皦,皪,皭,顥",12
kunyomi,むすめ,訓読み: むすめ,"嬢,娘,孃",3
kunyomi,つえ,訓読み: つえ,"杖,仗,枴,棍,棓,棰,檛,櫕,欑",9
kunyomi,きよ,訓読み: きよ,"浄,清,冽,洌,淨,瀏,皎,偣,偰,泚,泴,湜,漌,潚,潾,澃,澈,澯,皟,皧",20
kunyomi,ゆず,訓読み: ゆず,"譲,柚,讓,樤",4
kunyomi,かざ,訓読み: かざ,"飾,掚,鉘",3
kunyomi,ぬぐ,訓読み: ぬぐ,"拭,揩,撇",3
kunyomi,しり,訓読み: しり,"尻,臀,臋,骶",4
kunyomi,つまび,訓読み: つまび,"審,媞,宷,悘,讅",5
kunyomi,もり,訓読み: もり,"森,杜,銛",3
kunyomi,ふか,訓読み: ふか,"深,幽,泓,浤,鱶,漼,瀴,穾,窔,谹,鮝,鯗",12
kunyomi,もう,訓読み: もう,"申,設,儲",3
kunyomi,たきぎ,訓読み: たきぎ,"薪,蕘,栝",3
kunyomi,はり,訓読み: はり,"針,梁,鍼,栿,樑,銉",6
kunyomi,ひと,訓読み: ひと,"人,等,独,獨,薺,鈞,侔,侞,珿,竱,萕",11
kunyomi,ちり,訓読み: ちり,"塵,坌,坱,塕",4
kunyomi,うつぼ,訓読み: うつぼ,"靭,笂,靫,靱,鱓",5
kunyomi,くりや,訓読み: くりや,"厨,庖,廚,橱",4
kunyomi,とど,訓読み: とど,"逗,届,屆,渟,遏,閼,跱,魹",8
kunyomi,ねむ,訓読み: ねむ,"睡,眠,睏",3
kunyomi,かわせみ,訓読み: かわせみ,"翠,翆,鴗",3
kunyomi,つむ,訓読み: つむ,"錘,紡,緝",3
kunyomi,ひな,訓読み: ひな,"雛,鄙,鶵,鷇",4
kunyomi,すぎ,訓読み: すぎ,"杉,椙,軼,杦,柀,檆",6
kunyomi,すそ,訓読み: すそ,"裾,裔,裓",3
kunyomi,さが,訓読み: さが,"性,捜,搜",3
kunyomi,ととの,訓読み: ととの,"整,悈,捆,歵,盉",5
kunyomi,こえ,訓読み: こえ,"声,聲,唎,啊,喓,嗘,嗿,噃,嚱,囉,囋,囐,胶,詓,吤,哱",16
kunyomi,まこと,訓読み: まこと,"誠,忱,恂,剘,愊,愖,愫,衠,訦,諶",10
kunyomi,むしろ,訓読み: むしろ,"席,筵,莚,蓆",4
kunyomi,しりぞ,訓読み: しりぞ,"斥,退,擯,逡,黜,踆",6
kunyomi,いし,訓読み: いし,"石,玹,珋,璑,璒,矻,砆,砣,碤,碭,磳,磻,礞",13
kunyomi,ぬす,訓読み: ぬす,"窃,盗,偸,攘,盜,竊",6
kunyomi,ふし,訓読み: ふし,"節,樶,枙,莭,節",5
kunyomi,ゆき,訓読み: ゆき,"雪,夊,膤,裄",4
kunyomi,せん,訓読み: せん,"撰,煎,詮,僭,僣,枘,梘",7
kunyomi,いずみ,訓読み: いずみ,"泉,湶,奫",3
kunyomi,あら,訓読み: あら,"洗,疏,粗,匪,非,旌,浣,滌,澣,澡,瑕,笨,糲,麁,摡,汏,洮,湔,獷,翨,觕,誙",22
kunyomi,ひそ,訓読み: ひそ,"潜,密,潛,濳,顰,嚬,礵",7
kunyomi,ぜに,訓読み: ぜに,"銭,錢,賿,鏹",4
kunyomi,しずか,訓読み: しずか,"禅,禪,謐,闃",4
kunyomi,いしずえ,訓読み: いしずえ,"礎,磉,磶,礩,隚",5
kunyomi,よみがえ,訓読み: よみがえ,"蘇,甦,蘓",3
kunyomi,うった,訓読み: うった,"訴,愬,詾,辡",4
kunyomi,はば,訓読み: はば,"阻,幅,沮",3
kunyomi,くさむら,訓読み: くさむら,"叢,樷,藂",3
kunyomi,やり,訓読み: やり,"槍,鎗,鑓",3
kunyomi,まど,訓読み: まど,"窓,惑,窗,囱,廔,牎,牕,牖,窻,謆",10
kunyomi,ほうき,訓読み: ほうき,"荘,帚,彗,箒,莊,菷,篲",7
kunyomi,ほうむ,訓読み: ほうむ,"葬,塟,窆",3
kunyomi,よそお,訓読み: よそお,"装,妝,裝,娤",4
kunyomi,にく,訓読み: にく,"憎,懀,腅",3
kunyomi,はらわた,訓読み: はらわた,"臓,腸,腑,膓,臟,胕,鯝",7
kunyomi,たば,訓読み: たば,"束,稯,髺,鬠",4
kunyomi,つづ,訓読み: つづ,"続,約,續,纍,纞,賡,邐",7
kunyomi,そで,訓読み: そで,"袖,袪,褎,褏,襼",5
kunyomi,そこ,訓読み: そこ,"損,底,椢,仠,劌,惎,豙",7
kunyomi,むら,訓読み: むら,"村,邑,簇,邨,茽,闒",6
kunyomi,おご,訓読み: おご,"汰,侈,倨,傲,奢,驕,伳,侉,傏,姱,媻,怚,慠,驁",14
kunyomi,つば,訓読み: つば,"唾,鍔,鐔",3
kunyomi,からだ,訓読み: からだ,"体,躰,軆,體,臗,骵",6
kunyomi,おこた,訓読み: おこた,"怠,嬾,冘",3
kunyomi,いただ,訓読み: いただ,"戴,頂,俅,岣,嶁,顚",6
kunyomi,とどこお,訓読み: とどこお,"滞,滯,掯,濇,軭",5
kunyomi,もも,訓読み: もも,"腿,桃,百,髀,髁,髈",6
kunyomi,ふくろ,訓読み: ふくろ,"袋,嚢,囊,帒,帔,槖,橐,櫜,裛,褁",10
kunyomi,たい,訓読み: たい,"鯛,平,圢,坢,鮉",5
kunyomi,うてな,訓読み: うてな,"台,柎,臺,萼,蕚,坮",6
kunyomi,たき,訓読み: たき,"滝,瀧,瀑",3
kunyomi,ついば,訓読み: ついば,"啄,嗆,鳹,鶼",4
kunyomi,かこつ,訓読み: かこつ,"託,庽,諈",3
kunyomi,にご,訓読み: にご,"濁,涹,淈,淟,淰",5
kunyomi,きのこ,訓読み: きのこ,"茸,蕈,圥",3
kunyomi,たこ,訓読み: たこ,"蛸,鮹,鱆",3
kunyomi,たつ,訓読み: たつ,"辰,竜,龍,剬",4
kunyomi,たぬき,訓読み: たぬき,"狸,貍,猍",3
kunyomi,たら,訓読み: たら,"鱈,槃,桵,棫,楤,樰",6
kunyomi,たる,訓読み: たる,"樽,弛,栨,椑",4
kunyomi,ひとえ,訓読み: ひとえ,"単,單,襌,褝,褠,褧,襂",7
kunyomi,さぐ,訓読み: さぐ,"探,抺,詗",3
kunyomi,しず,訓読み: しず,"湛,沈,鎮,汨,淪,湮,鎭,伵,侐,嘿,妌,妰,搵,沉,洇,閴",16
kunyomi,きた,訓読み: きた,"鍛,北,徠,煅,鈉,鏅",6
kunyomi,おとこ,訓読み: おとこ,"男,郎,侽,郒,郞",5
kunyomi,たくわ,訓読み: たくわ,"蓄,薀,宁,庤,飣",5
kunyomi,なか,訓読み: なか,"中,仲,半,勿",4
kunyomi,はしら,訓読み: はしら,"柱,楹,棖,橕,欂,牚",6
kunyomi,むし,訓読み: むし,"虫,寧,毟,蟲,寍,挘,毮",7
kunyomi,しゃべ,訓読み: しゃべ,"喋,呭,哠,訯,詍",5
kunyomi,とばり,訓読み: とばり,"帳,幕,帷,幄,幃,幎,幨,幬,幮,賬",10
kunyomi,やくしょ,訓読み: やくしょ,"庁,廨,廳,廰",4
kunyomi,とむら,訓読み: とむら,"弔,唁,喭",3
kunyomi,なべ,訓読み: なべ,"銚,鍋,錥,鐎,鑃",5
kunyomi,つが,訓読み: つが,"栂,番,樛",3
kunyomi,つた,訓読み: つた,"蔦,伝,傳,樢,蘿",5
kunyomi,つぼ,訓読み: つぼ,"坪,壷,坩,壺,垌",5
kunyomi,つむぎ,訓読み: つむぎ,"紬,絁,綈",3
kunyomi,ひく,訓読み: ひく,"低,矮,仾,庳",4
kunyomi,つつみ,訓読み: つつみ,"堤,塘,陂",3
kunyomi,いかり,訓読み: いかり,"碇,錨,椗,矴",4
kunyomi,かなえ,訓読み: かなえ,"鼎,鬲,鉶,鎡,鼐,鼑,鼒",7
kunyomi,どろ,訓読み: どろ,"泥,淤,坭,浧,淖",5
kunyomi,まと,訓読み: まと,"的,繚,纝,埻",4
kunyomi,ふえ,訓読み: ふえ,"笛,笙,簫,籟,籥,鰾,龠,竽,竾,筦,箛,篪,篴",13
kunyomi,かぶら,訓読み: かぶら,"鏑,葑,蓯",3
kunyomi,くろがね,訓読み: くろがね,"鉄,銕,鐵,鐡,鋠,鋨",6
kunyomi,みせ,訓読み: みせ,"店,廛,鄽",3
kunyomi,おり,訓読み: おり,"澱,檻,滓,垽,柙,牿,阺",7
kunyomi,うさぎ,訓読み: うさぎ,"兎,菟,兔,莵,毚",5
kunyomi,ねた,訓読み: ねた,"妬,悋,汢,妎,妒,媢,恡",7
kunyomi,たび,訓読み: たび,"度,旅,袜",3
kunyomi,やつ,訓読み: やつ,"奴,憔,嫶,癄,顇,顦",6
kunyomi,いか,訓読み: いか,"怒,嗔,忿,恚,慍,愹,鰂,鰞",8
kunyomi,たお,訓読み: たお,"倒,仆,僵,嵶,斃,殪,蹶,僨,踣",9
kunyomi,なみ,訓読み: なみ,"涛,波,濤,瀾,漛,漪,灔,灎,灩",9
kunyomi,とろ,訓読み: とろ,"蕩,瀞,盪,蘯,鑠",5
kunyomi,まめ,訓読み: まめ,"豆,荳,菽,尗,灝,蓽,藨",7
kunyomi,すえ,訓読み: すえ,"陶,末,甄",3
kunyomi,たたか,訓読み: たたか,"闘,鬪,鬦,鬭",4
kunyomi,はたら,訓読み: はたら,"働,仂,拮",3
kunyomi,うご,訓読み: うご,"動,蠢,蹌,吪,慅,扤,蜄,躒",8
kunyomi,みちび,訓読み: みちび,"導,羐,羑",3
kunyomi,ひとみ,訓読み: ひとみ,"瞳,眸,睛,眹,瞵",5
kunyomi,とち,訓読み: とち,"栃,橡,挧,杤",4
kunyomi,むくげ,訓読み: むくげ,"椴,槿,葮,蕣,氄",5
kunyomi,とび,訓読み: とび,"鳶,鴟,鵄,鵈,鷳,鷴",6
kunyomi,ぶた,訓読み: ぶた,"豚,彘,豘",3
kunyomi,のが,訓読み: のが,"遁,逋,遯,逭",4
kunyomi,なぎ,訓読み: なぎ,"凪,梛,椥,彅",4
kunyomi,なわ,訓読み: なわ,"縄,繩,紉,纆",4
kunyomi,にお,訓読み: にお,"匂,鳰,殠,胺,馛",5
kunyomi,にじ,訓読み: にじ,"虹,躙,躪,霓,蝃",5
kunyomi,ちち,訓読み: ちち,"乳,父,奶",3
kunyomi,にら,訓読み: にら,"韮,盻,眈,睨,矉",5
kunyomi,ねぎ,訓読み: ねぎ,"葱,芤,蔥",3
kunyomi,なや,訓読み: なや,"悩,惱,艱,儜,囏,訒,遴,邅",8
kunyomi,のみ,訓読み: のみ,"蚤,鑿,銶",3
kunyomi,やぶ,訓読み: やぶ,"破,敗,薮,敝,硅,籔,藪,圮,垝,惉,殬,殰,湈,贁",14
kunyomi,ののし,訓読み: ののし,"罵,詈,詬,嗎,訽",5
kunyomi,さかずき,訓読み: さかずき,"杯,盃,卮,巵,盞,觚,觴,桮,觗,觶,醆,卺",12
kunyomi,つちか,訓読み: つちか,"培,秄,耔",3
kunyomi,うめ,訓読み: うめ,"梅,楳,呻,吚,噢,槑,梅",7
kunyomi,はえ,訓読み: はえ,"蝿,蠅,鮠",3
kunyomi,はぎ,訓読み: はぎ,"萩,骭,蘒",3
kunyomi,かす,訓読み: かす,"粕,微,掠,勡,圠,沕,睳,瞕",8
kunyomi,くれ,訓読み: くれ,"莫,榑,晚",3
kunyomi,むぎ,訓読み: むぎ,"麦,麥,稞",3
kunyomi,はたけ,訓読み: はたけ,"畠,圃,疥,圑",4
kunyomi,いかだ,訓読み: いかだ,"筏,槎,栰,棑,楂,篺",6
kunyomi,はなし,訓読み: はなし,"噺,咄,譚",3
kunyomi,はまぐり,訓読み: はまぐり,"蛤,蚌,蜯,鮚",4
kunyomi,はやぶさ,訓読み: はやぶさ,"隼,鶻,鸇",3
kunyomi,そむ,訓読み: そむ,"叛,乖,韋,僢,踳",5
kunyomi,ただよ,訓読み: ただよ,"汎,漂,漾,潒,澼",5
kunyomi,しげ,訓読み: しげ,"繁,茂,廡,枎,橆,欉,玆,秞,稫,稹,穙,穠,箼,芊,茬,茷,葏,蕡,蕻,薋,薿,蘙,蘛",23
kunyomi,ひさし,訓読み: ひさし,"庇,廂,梠,簷,楣",5
kunyomi,いしぶみ,訓読み: いしぶみ,"碑,碣,碑",3
kunyomi,そし,訓読み: そし,"誹,詆,謗,譏,譖,譛,讒,吡,呧,訕,誻,讕",12
kunyomi,まゆ,訓読み: まゆ,"眉,繭,睂,絸,蠒",5
kunyomi,ひえ,訓読み: ひえ,"稗,穇,薭",3
kunyomi,ひき,訓読み: ひき,"匹,率,蟇,蟆,卛",5
kunyomi,ひげ,訓読み: ひげ,"髭,髯,鬚,頾",4
kunyomi,ひし,訓読み: ひし,"菱,犇,蔆,芰",4
kunyomi,ふで,訓読み: ふで,"筆,聿,笔",3
kunyomi,ひめ,訓読み: ひめ,"姫,媛,嬪",3
kunyomi,ひさご,訓読み: ひさご,"瓢,匏,瓠,盠",4
kunyomi,びょう,訓読み: びょう,"鋲,渺,眇",3
kunyomi,ひれ,訓読み: ひれ,"鰭,帍,裱",3
kunyomi,うるわ,訓読み: うるわ,"彬,斌,麗,份,鬈",5
kunyomi,はま,訓読み: はま,"浜,濱,塡,濵",4
kunyomi,ほとり,訓読み: ほとり,"瀕,滸,濆,陲,汻,涘",6
kunyomi,ぬの,訓読み: ぬの,"布,幛,絧,緦",4
kunyomi,おの,訓読み: おの,"斧,鈇,錍",3
kunyomi,あまね,訓読み: あまね,"普,遍,佈,徧,暜,狥",6
kunyomi,あなど,訓読み: あなど,"侮,妛,奡,媸,嫚,怇,怭,侮",8
kunyomi,かぜ,訓読み: かぜ,"風,凮,飌",3
kunyomi,ほとけ,訓読み: ほとけ,"仏,佛,𠏹",3
kunyomi,こめ,訓読み: こめ,"米,罩,糄",3
kunyomi,かたよ,訓読み: かたよ,"偏,憸,詖,遹",4
kunyomi,むち,訓読み: むち,"鞭,笞,礭",3
kunyomi,たも,訓読み: たも,"保,攩,櫤",3
kunyomi,しく,訓読み: しく,"鋪,摛,譒,尃",4
kunyomi,おぎな,訓読み: おぎな,"補,裨,朇",3
kunyomi,はは,訓読み: はは,"母,媽,毋,妳,姁,媓,嬭",7
kunyomi,みね,訓読み: みね,"峰,峯,嶺,岑,崟,嶂,巒,巘,磦",9
kunyomi,よもぎ,訓読み: よもぎ,"蓬,蒿,蕭,蔞",4
kunyomi,はち,訓読み: はち,"蜂,椀,盂,柈,樏,盎,盔,蠭",8
kunyomi,ずきん,訓読み: ずきん,"帽,冃,幘,幞,裷",5
kunyomi,わす,訓読み: わす,"忘,悆,慲",3
kunyomi,いそが,訓読み: いそが,"忙,匆,恾",3
kunyomi,あば,訓読み: あば,"暴,訐,挖",3
kunyomi,かたち,訓読み: かたち,"貌,皃,頌",3
kunyomi,ほえ,訓読み: ほえ,"吠,吽,呍",3
kunyomi,ほお,訓読み: ほお,"頬,頰,顪",3
kunyomi,しもべ,訓読み: しもべ,"僕,僮,皁",3
kunyomi,うらな,訓読み: うらな,"卜,筮,乩",3
kunyomi,まき,訓読み: まき,"牧,槙,槇,駉",4
kunyomi,むつ,訓読み: むつ,"睦,鯥,鱫",3
kunyomi,ほろ,訓読み: ほろ,"幌,滅,泯,袰,冺,幰,戩,烕,縨",9
kunyomi,まま,訓読み: まま,"侭,儘,圸,墹,壗",5
kunyomi,はびこ,訓読み: はびこ,"蔓,滔,愌,芼",4
kunyomi,みの,訓読み: みの,"蓑,稔,簑,簔,秖,秪",6
kunyomi,ゆめ,訓読み: ゆめ,"夢,梦,夣",3
kunyomi,むこ,訓読み: むこ,"婿,壻,聟",3
kunyomi,めい,訓読み: めい,"姪,瞑,妷",3
kunyomi,むぎこ,訓読み: むぎこ,"麺,麪,麵",3
kunyomi,かしら,訓読み: かしら,"孟,顱,髗,鸕",4
kunyomi,めくら,訓読み: めくら,"盲,瞎,瞍",3
kunyomi,あみ,訓読み: あみ,"網,网,罔,罟,罨,罜,罝,罦",8
kunyomi,もち,訓読み: もち,"餅,用,餠,黐,糫,飥,餈,餜,饆,饠",10
kunyomi,もみ,訓読み: もみ,"籾,樅,蟐",3
kunyomi,もだ,訓読み: もだ,"悶,懣,忶,怟",4
kunyomi,やなぎ,訓読み: やなぎ,"柳,楊,桺",3
kunyomi,さそ,訓読み: さそ,"誘,哘,唀",3
kunyomi,あそ,訓読み: あそ,"遊,敖,游,遨",4
kunyomi,やしな,訓読み: やしな,"養,豢,嘼,羪",4
kunyomi,はだか,訓読み: はだか,"裸,倮,臝,裎",4
kunyomi,あかざ,訓読み: あかざ,"莱,藜,茟,萊",4
kunyomi,てすり,訓読み: てすり,"欄,欗,軨",3
kunyomi,とりこ,訓読み: とりこ,"虜,俘,擄,虜",4
kunyomi,かて,訓読み: かて,"糧,粮,粻,糈",4
kunyomi,なみだ,訓読み: なみだ,"涙,泗,泪,涕,淚",5
kunyomi,たぐ,訓読み: たぐ,"類,伉,姷",3
kunyomi,たと,訓読み: たと,"例,俔,喩,譬,悓",5
kunyomi,こよみ,訓読み: こよみ,"暦,厯,曆",3
kunyomi,つら,訓読み: つら,"聯,連,聨,肆,峮,嶧,巋,廞",8
kunyomi,せぼね,訓読み: せぼね,"呂,膂,膐",3
kunyomi,やぐら,訓読み: やぐら,"櫓,艪,艣",3
kunyomi,いろり,訓読み: いろり,"炉,爐,鑪,鈩,壚",5
kunyomi,ろう,訓読み: ろう,"労,聾,勞",3
kunyomi,いじく,訓読み: いじく,"弄,挊,挵",3
kunyomi,ほが,訓読み: ほが,"朗,朖,朗",3
kunyomi,たかどの,訓読み: たかどの,"楼,樓,龐",3
kunyomi,おおかみ,訓読み: おおかみ,"狼,猲,獦",3
kunyomi,ふもと,訓読み: ふもと,"麓,岟,氐",3
kunyomi,いが,訓読み: いが,"歪,毬,嘊",3
kunyomi,わき,訓読み: わき,"脇,腋,胳",3
kunyomi,わに,訓読み: わに,"鰐,鱷,鼉",3
kunyomi,わび,訓読み: わび,"詫,佗,侘",3
kunyomi,こばち,訓読み: こばち,"碗,埦,鋗",3
kunyomi,えい,訓読み: えい,"丿,鰩,鱝",3
kunyomi,ほの,訓読み: ほの,"仄,偎,僾,眆",4
kunyomi,たのし,訓読み: たのし,"佚,煕,熈,熙",4
kunyomi,せむし,訓読み: せむし,"佝,瘻,駝,痀,瘺,軁,駞",7
kunyomi,たたず,訓読み: たたず,"佇,彳,竚,亍,偟,儃,蹢",7
kunyomi,せがれ,訓読み: せがれ,"倅,伜,悴,忰,躮",5
kunyomi,ともがら,訓読み: ともがら,"們,儕,儔",3
kunyomi,さて,訓読み: さて,"偖,扠,扨",3
kunyomi,がい,訓読み: がい,"儿,匯,喙",3
kunyomi,もた,訓読み: もた,"凭,擡,抬,靠,賷",5
kunyomi,えぐ,訓読み: えぐ,"刔,剔,抉",3
kunyomi,くびき,訓読み: くびき,"剄,軛,馘,槅",4
kunyomi,わきま,訓読み: わきま,"辨,辧,瓣,辯",4
kunyomi,ひつ,訓読み: ひつ,"匱,櫃,匵,櫉",4
kunyomi,くしげ,訓読み: くしげ,"匳,奩,匲",3
kunyomi,かわや,訓読み: かわや,"厠,廁,溷,圂,圊",5
kunyomi,ああ,訓読み: ああ,"吁,咨,嗚,噫,猗,羌,唉,羗,譆",9
kunyomi,さえず,訓読み: さえず,"哢,囀,吵",3
kunyomi,うな,訓読み: うな,"唸,髫,魘",3
kunyomi,たしな,訓読み: たしな,"嗜,窘,呩",3
kunyomi,おしゃべり,訓読み: おしゃべり,"嗹,嗑,謰",3
kunyomi,くちばし,訓読み: くちばし,"嘴,觜,咮,噣",4
kunyomi,つぐ,訓読み: つぐ,"噤,拑,鉗",3
kunyomi,うそぶ,訓読み: うそぶ,"嘯,猇,虓",3
kunyomi,かしま,訓読み: かしま,"囂,姧,轕",3
kunyomi,ささや,訓読み: ささや,"囁,聶,呤,耾",4
kunyomi,たわ,訓読み: たわ,"垰,乢,懈,撓,箞,轑",6
kunyomi,おち,訓読み: おち,"墮,殞,隕,墊,磒",5
kunyomi,びん,訓読み: びん,"壜,罎,埕,缾",4
kunyomi,はるか,訓読み: はるか,"夐,迥,逈",3
kunyomi,みめよ,訓読み: みめよ,"娥,丰,妧,妭,姍,姣,姯,娧,婕,婥,媠,媱,嫈",13
kunyomi,むさぼ,訓読み: むさぼ,"婪,貪,餮,饕,妋,忨,惏,懢,饞",9
kunyomi,やもめ,訓読み: やもめ,"孀,鰥,嫠,鱞",4
kunyomi,そばだ,訓読み: そばだ,"屹,峙,崛,欹,埈,崫,崧,嶟,陖,陡",10
kunyomi,しい,訓読み: しい,"弑,誣,誷,譄",4
kunyomi,はりねずみ,訓読み: はりねずみ,"彙,蝟,猬",3
kunyomi,さまよ,訓読み: さまよ,"彷,徊,徘,徨,仿,佪,俍,徉,徜",9
kunyomi,あまねし,訓読み: あまねし,"徇,洽,浹,溥",4
kunyomi,ほしいまま,訓読み: ほしいまま,"恣,擅,宨,愓,憍",5
kunyomi,たけし,訓読み: たけし,"悍,驍,猂,黆",4
kunyomi,なげう,訓読み: なげう,"抛,搥,攛",3
kunyomi,むちう,訓読み: むちう,"捶,抶,敇",3
kunyomi,はたあし,訓読み: はたあし,"旒,斿,旈,縿",4
kunyomi,おぼろ,訓読み: おぼろ,"朦,朧,曨",3
kunyomi,てこ,訓読み: てこ,"杆,桿,梃,槓",4
kunyomi,くぬぎ,訓読み: くぬぎ,"栩,椚,椡,櫟,檪,棌",6
kunyomi,あしかせ,訓読み: あしかせ,"桎,鐐,釱,鋜",4
kunyomi,たるき,訓読み: たるき,"桷,榱,橑",3
kunyomi,てかせ,訓読み: てかせ,"梏,拲,杻",3
kunyomi,さわら,訓読み: さわら,"椹,鰆,葚",3
kunyomi,ざくろ,訓読み: ざくろ,"榴,楉,橊",3
kunyomi,まがき,訓読み: まがき,"樊,篳,籬,杝,棥,椐",6
kunyomi,しきみ,訓読み: しきみ,"樒,櫁,軾,梻,橉,閫,闑",7
kunyomi,そり,訓読み: そり,"橇,艝,轌",3
kunyomi,ゆだめ,訓読み: ゆだめ,"檠,桰,棐",3
kunyomi,ひこばえ,訓読み: ひこばえ,"蘖,櫱,蘶",3
kunyomi,こさめ,訓読み: こさめ,"濛,霡,霢",3
kunyomi,のろし,訓読み: のろし,"烽,煹,熢",3
kunyomi,かがりび,訓読み: かがりび,"燎,篝,尞,烘",4
kunyomi,ここ,訓読み: ここ,"爰,茲,茊",3
kunyomi,むじな,訓読み: むじな,"狢,貉,貆",3
kunyomi,わるがしこ,訓読み: わるがしこ,"猾,獪,婾,嬀",4
kunyomi,みみだま,訓読み: みみだま,"珥,琩,瑱",3
kunyomi,もたい,訓読み: もたい,"瓮,罌,甖",3
kunyomi,ほとぎ,訓読み: ほとぎ,"甌,瓫,瓯",3
kunyomi,もっこ,訓読み: もっこ,"畚,簣,蔂",3
kunyomi,うね,訓読み: うね,"疇,畴,堟",3
kunyomi,いぼ,訓読み: いぼ,"疣,肬,贅,瘊",4
kunyomi,やまい,訓読み: やまい,"痾,疤,疴,瘀,瘄,瘕",6
kunyomi,しび,訓読み: しび,"痺,痲,痹,癱",4
kunyomi,おこり,訓読み: おこり,"瘧,痁,痎",3
kunyomi,やせ,訓読み: やせ,"瘠,疺,瘦,癯,癴,膄,臞",7
kunyomi,こぶ,訓読み: こぶ,"瘤,癅,癭",3
kunyomi,なまず,訓読み: なまず,"癜,鯰,鮀,鮧,鮷,鰋",6
kunyomi,しゃく,訓読み: しゃく,"癪,笏,筰",3
kunyomi,はれもの,訓読み: はれもの,"癰,痤,瘩,瘭,癕,癮,臃",7
kunyomi,まなじり,訓読み: まなじり,"眥,眦,睚",3
kunyomi,みは,訓読み: みは,"瞠,眒,瞪",3
kunyomi,くろきび,訓読み: くろきび,"秬,秠,穄",3
kunyomi,まぐさ,訓読み: まぐさ,"秣,芻,蒭,茭",4
kunyomi,ざる,訓読み: ざる,"笊,囤,篅",3
kunyomi,かたみ,訓読み: かたみ,"筐,筺,篹",3
kunyomi,たけのこ,訓読み: たけのこ,"筍,笋,箰",3
kunyomi,ささら,訓読み: ささら,"筅,簓,箲",3
kunyomi,かんざし,訓読み: かんざし,"簪,鈿,兂,錜,鎞",5
kunyomi,すくも,訓読み: すくも,"粭,糘,粠,蒅",4
kunyomi,うるち,訓読み: うるち,"粫,粳,秈,秔,稉,稴,籼",7
kunyomi,きずな,訓読み: きずな,"紲,絆,緤,縻,靽",5
kunyomi,かすり,訓読み: かすり,"絣,纃,緕",3
kunyomi,むつき,訓読み: むつき,"繦,褓,襁,緥",4
kunyomi,おもが,訓読み: おもが,"羈,羇,覊,覉",4
kunyomi,あつもの,訓読み: あつもの,"羹,羮,膮,臛",4
kunyomi,なまぐさ,訓読み: なまぐさ,"羶,腥,羴,鮏,鯹",5
kunyomi,ひるが,訓読み: ひるが,"翩,飄,飃",3
kunyomi,くさぎ,訓読み: くさぎ,"耘,耨,槈,鎒",4
kunyomi,ひかり,訓読み: ひかり,"耿,煇,熒,熠,熲,爓,韑",7
kunyomi,そび,訓読み: そび,"聳,屴,嵑",3
kunyomi,すね,訓読み: すね,"脛,臑,跤,踁",4
kunyomi,ほじし,訓読み: ほじし,"膊,脼,腊,腒,膎,膴",6
kunyomi,きりみ,訓読み: きりみ,"臠,胾,膞",3
kunyomi,もや,訓読み: もや,"舫,霏,靄",3
kunyomi,かおり,訓読み: かおり,"芬,飶,馝",3
kunyomi,しとね,訓読み: しとね,"茵,蓐,褥",3
kunyomi,つぼみ,訓読み: つぼみ,"莟,蕾,蓓",3
kunyomi,うきくさ,訓読み: うきくさ,"萍,蘋,蓱",3
kunyomi,とう,訓読み: とう,"蓊,薹,譣",3
kunyomi,ぬなわ,訓読み: ぬなわ,"蓴,蒓,蓲",3
kunyomi,あざみ,訓読み: あざみ,"薊,芺,葪",3
kunyomi,しらみ,訓読み: しらみ,"虱,蝨,蟣",3
kunyomi,みみず,訓読み: みみず,"蚓,蚯,螾,蟺",4
kunyomi,あわび,訓読み: あわび,"蚫,鮑,鰒",3
kunyomi,かいちゅう,訓読み: かいちゅう,"蛔,蚘,蛕",3
kunyomi,みずち,訓読み: みずち,"蛟,彲,虬,虯,螭",5
kunyomi,にな,訓読み: にな,"蜷,蠡,儋,螄,蟸",5
kunyomi,さそり,訓読み: さそり,"蝎,蠍,蝲",3
kunyomi,いなご,訓読み: いなご,"蝗,螽,蝝,蠜",4
kunyomi,はさみ,訓読み: はさみ,"螯,鋏,鉸,銸",4
kunyomi,きくいむし,訓読み: きくいむし,"蠹,蠧,蛀,蝤,螙",5
kunyomi,わたいれ,訓読み: わたいれ,"袍,褚,襺",3
kunyomi,たちもとお,訓読み: たちもとお,"裴,彽,裵",3
kunyomi,ふんどし,訓読み: ふんどし,"褌,襠,襣",3
kunyomi,ひだ,訓読み: ひだ,"襞,襀,襵",3
kunyomi,したぎ,訓読み: したぎ,"襦,裋,襳",3
kunyomi,はだぎ,訓読み: はだぎ,"襯,裯,褙",3
kunyomi,のろ,訓読み: のろ,"詛,麕,嚩,獐,祩,秼,詶,譸,麇,麞",10
kunyomi,へつら,訓読み: へつら,"諂,諛,唲,憟",4
kunyomi,こだま,訓読み: こだま,"谺,魎,岈,蜽",4
kunyomi,いざ,訓読み: いざ,"蹇,躄,躃",3
kunyomi,つまず,訓読み: つまず,"蹉,躓,疐,跎,跲,蹎,躂",7
kunyomi,ためら,訓読み: ためら,"躇,躊,蹰,蹱,躕",5
kunyomi,よこぎ,訓読み: よこぎ,"軫,桄,簨",3
kunyomi,よう,訓読み: よう,"酊,酩,醺",3
kunyomi,かんな,訓読み: かんな,"鉋,錑,鐁",3
kunyomi,かざり,訓読み: かざり,"錺,餝,珌,璪,璯,鉜",6
kunyomi,やじり,訓読み: やじり,"鏃,砮,鉃,骲",4
kunyomi,こて,訓読み: こて,"鏝,圬,墁,杇,槾,釬,銲",7
kunyomi,かんぬき,訓読み: かんぬき,"閂,扂,扃,楗",4
kunyomi,さわが,訓読み: さわが,"閙,鬧,唕",3
kunyomi,きじ,訓読み: きじ,"雉,榡,翟,鵫",4
kunyomi,なめ,訓読み: なめ,"靼,鞣,冭,捸,达",5
kunyomi,かわぐつ,訓読み: かわぐつ,"鞨,碟,靿,鞮",4
kunyomi,ふらん,訓読み: ふらん,"鞦,佱,灋",3
kunyomi,ゆぶくろ,訓読み: ゆぶくろ,"韜,轁,鞱",3
kunyomi,おとがい,訓読み: おとがい,"頤,頥,顄,顊",4
kunyomi,つむじかぜ,訓読み: つむじかぜ,"飆,颮,颴,颷,飈,飇",6
kunyomi,そえうま,訓読み: そえうま,"驂,駙,騑",3
kunyomi,かもじ,訓読み: かもじ,"髢,髲,鬄",3
kunyomi,たてがみ,訓読み: たてがみ,"鬣,巤,騌,騣,鬃,鬉,鬐,鬛",8
kunyomi,このしろ,訓読み: このしろ,"鮗,鯯,鰣,鰶,鰽,鱅",6
kunyomi,にしん,訓読み: にしん,"鯡,鰊,鰜",3
kunyomi,どじょう,訓読み: どじょう,"鯲,鰌,鱃",3
kunyomi,かれい,訓読み: かれい,"鰔,鰈,魪,魬,鰨",5
kunyomi,もず,訓読み: もず,"鴃,鵙,鶪",3
kunyomi,かささぎ,訓読み: かささぎ,"鵲,舃,舄",3
kunyomi,うずら,訓読み: うずら,"鶉,鴳,鴽,鵪,鷃",5
kunyomi,こなもち,訓読み: こなもち,"麭,糕,飳,餻,饀",5
kunyomi,すっぽん,訓読み: すっぽん,"鼈,鱉,龞",3
kunyomi,いびき,訓読み: いびき,"鼾,啡,啽",3
kunyomi,とぶ,訓読み: とぶ,"仚,卂,翲,翾,鶱",5
kunyomi,おとめ,訓読み: おとめ,"仛,奼,嫮",3
kunyomi,まるきばし,訓読み: まるきばし,"仢,彴,榷",3
kunyomi,みる,訓読み: みる,"佔,眀,睖,睞,睰,睲,睴,矑,覵,詧,閿,闆",12
kunyomi,こども,訓読み: こども,"偅,囝,崽",3
kunyomi,しなや,訓読み: しなや,"偠,裊,韌",3
kunyomi,こしか,訓読み: こしか,"凳,呮,櫈",3
kunyomi,くじく,訓読み: くじく,"剉,抏,邋",3
kunyomi,といし,訓読み: といし,"厝,厲,硎,碬",4
kunyomi,おび,訓読み: おび,"哼,緄,褵",3
kunyomi,ひめがき,訓読み: ひめがき,"堄,堞,陴,隦",4
kunyomi,あざな,訓読み: あざな,"妕,妺,姃,姈,姲,婅,婈,媜,嫆",9
kunyomi,ゆきなや,訓読み: ゆきなや,"尦,趑,趦,跙",4
kunyomi,あしなえ,訓読み: あしなえ,"尩,尫,尬,尮",4
kunyomi,たづな,訓読み: たづな,"幉,繮,軜,靮,靶,鞗,鞼,韁",8
kunyomi,ゆみぶくろ,訓読み: ゆみぶくろ,"弢,鞬,韔",3
kunyomi,いしゆみ,訓読み: いしゆみ,"弮,釓,釚,釻",4
kunyomi,ゆはず,訓読み: ゆはず,"弰,彄,彇",3
kunyomi,かぞ,訓読み: かぞ,"揲,祘,笇",3
kunyomi,うつろ,訓読み: うつろ,"枵,窐,谾",3
kunyomi,たかつき,訓読み: たかつき,"梪,籩,豋",3
kunyomi,さかだ,訓読み: さかだ,"榼,罏,醘",3
kunyomi,みずぎわ,訓読み: みずぎわ,"湄,溿,漈,漘",4
kunyomi,おがわ,訓読み: おがわ,"濚,瀅,瀯",3
kunyomi,おおざる,訓読み: おおざる,"玃,蠼,貜",3
kunyomi,ぬすみ,訓読み: ぬすみ,"睊,睒,瞧",3
kunyomi,まつり,訓読み: まつり,"礿,祊,祻,祼,禓,禘,禡,禫,禯,禴,肜",11
kunyomi,あしあと,訓読み: あしあと,"禸,踑,迒",3
kunyomi,たけのかわ,訓読み: たけのかわ,"箬,篛,籜",3
kunyomi,いとわく,訓読み: いとわく,"篗,籆,籰",3
kunyomi,めば,訓読み: めば,"茁,豏,鎨,鎩",4
kunyomi,かずら,訓読み: かずら,"藟,蘽,虆",3
kunyomi,だに,訓読み: だに,"蜱,螕,蟎",3
kunyomi,みごろ,訓読み: みごろ,"袘,袾,裀,裑,褍",5
kunyomi,ひざかけ,訓読み: ひざかけ,"褘,鞸,韍,韠",4
kunyomi,くじり,訓読み: くじり,"觹,觽,觿",3
kunyomi,いのこ,訓読み: いのこ,"豛,豣,豵",3
kunyomi,よろめ,訓読み: よろめ,"蹁,蹬,蹭",3
kunyomi,おもがい,訓読み: おもがい,"鍚,靻,鞚",3
kunyomi,みみずく,訓読み: みみずく,"雒,鵂,鵩,鶹",4
kunyomi,ふりつづみ,訓読み: ふりつづみ,"鞀,鞉,鼗",3
kunyomi,らば,訓読み: らば,"馲,駃,驝",3
kunyomi,くりげ,訓読み: くりげ,"駵,騮,驑",3
kunyomi,たなご,訓読み: たなご,"魣,鮬,鰱,鱮",4
kunyomi,ふぐ,訓読み: ふぐ,"魨,鮐,鯸,鯺",4
kunyomi,みごい,訓読み: みごい,"鮊,鯫,鱎",3
kunyomi,おおしか,訓読み: おおしか,"麃,麅,麖",3
kunyomi,むささび,訓読み: むささび,"鼫,鼯,鼺",3
kunyomi,さいわい,訓読み: さいわい,"祥,福,禎",3
